geneID1	geneID2	reactionType	clusterID_geneID1	clusterID_geneID2	superClusterID_geneID1	superClusterID_geneID2	clusterOrigin_geneID1	clusterOrigin_geneID2	matchingClusters	networkSimplifiedNodeDegree_geneID1	networkSimplifiedNodeDegree_geneID2	superClusterSimplifiedNodeDegree_geneID1	superClusterSimplifiedNodeDegree_geneID2	clusterSimplifiedNodeDegree_geneID1	clusterSimplifiedNodeDegree_geneID2	exists
AT3G25070	AT3G07040	-	3	3	2	2	starNet_2_1	starNet_2_2	TRUE	8	11	6	9	6	9	1
AT3G25070	AT3G20600	-	3	3	2	2	starNet_2_1	starNet_2_17	TRUE	8	10	6	9	6	9	1
AT3G25070	AT1G72930	-	3	3	2	2	starNet_2_1	starNet_2_23	TRUE	8	7	6	7	6	7	1
AT3G07040	AT1G72930	-	3	3	2	2	starNet_2_2	starNet_2_23	TRUE	11	7	9	7	9	7	1
AT3G07040	AT1G64280	-	3	3	2	2	starNet_2_2	starNet_2_6	TRUE	11	92	9	47	9	47	1
AT5G05730	AT1G25220	-	2	2	1	1	normal_1_1	normal_1_2	TRUE	20	20	20	20	20	20	1
AT5G05730	AT1G24807	-	2	2	1	1	normal_1_1	normal_1_5	TRUE	20	20	20	20	20	20	1
AT5G05730	AT1G25155	-	2	2	1	1	normal_1_1	normal_1_7	TRUE	20	20	20	20	20	20	1
AT5G05730	AT1G48850	-	2	2	1	1	normal_1_1	normal_1_11	TRUE	20	20	20	20	20	20	1
AT5G05730	AT1G69370	-	2	2	1	1	normal_1_1	normal_1_10	TRUE	20	21	20	21	20	21	1
AT5G05730	AT3G29200	-	2	2	1	1	normal_1_1	normal_1_13	TRUE	20	23	20	23	20	23	1
AT5G05730	AT1G74710	-	2	2	1	1	normal_1_1	normal_1_25	TRUE	20	52	20	31	20	31	1
AT5G05730	AT1G18870	-	2	2	1	1	normal_1_1	normal_1_18	TRUE	20	29	20	29	20	29	1
AT5G05730	AT1G68890	-	2	2	1	1	normal_1_1	normal_1_17	TRUE	20	29	20	29	20	29	1
AT5G05730	AT2G24850	-	2	2	1	1	normal_1_1	normal_1_23	TRUE	20	29	20	29	20	29	1
AT5G05730	AT4G23600	-	2	2	1	1	normal_1_1	normal_1_22	TRUE	20	29	20	29	20	29	1
AT5G05730	AT4G28420	-	2	2	1	1	normal_1_1	normal_1_15	TRUE	20	29	20	29	20	29	1
AT5G05730	AT4G28410	-	2	2	1	1	normal_1_1	normal_1_16	TRUE	20	29	20	29	20	29	1
AT5G05730	AT4G23590	-	2	2	1	1	normal_1_1	normal_1_21	TRUE	20	29	20	29	20	29	1
AT5G05730	AT2G29690	-	2	2	1	1	normal_1_1	normal_1_3	TRUE	20	20	20	20	20	20	1
AT5G05730	AT3G55870	-	2	2	1	1	normal_1_1	normal_1_4	TRUE	20	20	20	20	20	20	1
AT1G25220	AT1G18870	-	2	2	1	1	normal_1_2	normal_1_18	TRUE	20	29	20	29	20	29	1
AT1G25220	AT1G24807	-	2	2	1	1	normal_1_2	normal_1_5	TRUE	20	20	20	20	20	20	1
AT1G25220	AT1G25155	-	2	2	1	1	normal_1_2	normal_1_7	TRUE	20	20	20	20	20	20	1
AT2G29690	AT1G25220	-	2	2	1	1	normal_1_3	normal_1_2	TRUE	20	20	20	20	20	20	1
AT2G29690	AT1G24807	-	2	2	1	1	normal_1_3	normal_1_5	TRUE	20	20	20	20	20	20	1
AT2G29690	AT1G25155	-	2	2	1	1	normal_1_3	normal_1_7	TRUE	20	20	20	20	20	20	1
AT2G29690	AT1G48850	-	2	2	1	1	normal_1_3	normal_1_11	TRUE	20	20	20	20	20	20	1
AT2G29690	AT1G69370	-	2	2	1	1	normal_1_3	normal_1_10	TRUE	20	21	20	21	20	21	1
AT2G29690	AT1G74710	-	2	2	1	1	normal_1_3	normal_1_25	TRUE	20	52	20	31	20	31	1
AT2G29690	AT1G18870	-	2	2	1	1	normal_1_3	normal_1_18	TRUE	20	29	20	29	20	29	1
AT2G29690	AT2G24850	-	2	2	1	1	normal_1_3	normal_1_23	TRUE	20	29	20	29	20	29	1
AT2G29690	AT1G68890	-	2	2	1	1	normal_1_3	normal_1_17	TRUE	20	29	20	29	20	29	1
AT3G55870	AT1G24807	-	2	2	1	1	normal_1_4	normal_1_5	TRUE	20	20	20	20	20	20	1
AT3G55870	AT1G25220	-	2	2	1	1	normal_1_4	normal_1_2	TRUE	20	20	20	20	20	20	1
AT3G55870	AT1G25155	-	2	2	1	1	normal_1_4	normal_1_7	TRUE	20	20	20	20	20	20	1
AT3G55870	AT1G48850	-	2	2	1	1	normal_1_4	normal_1_11	TRUE	20	20	20	20	20	20	1
AT3G55870	AT1G69370	-	2	2	1	1	normal_1_4	normal_1_10	TRUE	20	21	20	21	20	21	1
AT3G55870	AT3G29200	-	2	2	1	1	normal_1_4	normal_1_13	TRUE	20	23	20	23	20	23	1
AT3G55870	AT1G18870	-	2	2	1	1	normal_1_4	normal_1_18	TRUE	20	29	20	29	20	29	1
AT3G55870	AT1G74710	-	2	2	1	1	normal_1_4	normal_1_25	TRUE	20	52	20	31	20	31	1
AT3G55870	AT2G24850	-	2	2	1	1	normal_1_4	normal_1_23	TRUE	20	29	20	29	20	29	1
AT3G55870	AT1G68890	-	2	2	1	1	normal_1_4	normal_1_17	TRUE	20	29	20	29	20	29	1
AT3G55870	AT2G29690	-	2	2	1	1	normal_1_4	normal_1_3	TRUE	20	20	20	20	20	20	1
AT1G24807	AT1G18870	-	2	2	1	1	normal_1_5	normal_1_18	TRUE	20	29	20	29	20	29	1
AT5G03280	AT1G66340	-	3	3	2	2	starNet_2_3	starNet_2_4	TRUE	14	20	12	14	12	14	1
AT5G03280	AT3G20770	-	3	3	2	2	starNet_2_3	starNet_2_7	TRUE	14	8	12	7	12	7	1
AT5G03280	AT2G27050	-	3	3	2	2	starNet_2_3	starNet_2_14	TRUE	14	6	12	5	12	5	1
AT5G03280	AT3G23240	-	3	3	2	2	starNet_2_3	starNet_2_13	TRUE	14	6	12	6	12	6	1
AT5G03280	AT2G39940	-	3	3	2	2	starNet_2_3	starNet_2_24	TRUE	14	18	12	17	12	17	1
AT5G03280	AT1G64280	-	3	3	2	2	starNet_2_3	starNet_2_6	TRUE	14	92	12	47	12	47	1
AT5G03280	AT1G74710	-	3	2	2	1	starNet_2_3	normal_1_25	FALSE	14	52	12	31	12	31	1
AT5G03280	AT2G46370	-	3	3	2	2	starNet_2_3	starNet_2_30	TRUE	14	13	12	12	12	12	1
AT5G03280	AT3G52430	-	3	3	2	2	starNet_2_3	starNet_2_22	TRUE	14	24	12	22	12	22	1
AT5G03280	AT3G12500	-	3	3	2	2	starNet_2_3	starNet_2_31	TRUE	14	9	12	9	12	9	1
AT5G03280	AT3G48090	-	3	3	2	2	starNet_2_3	starNet_2_19	TRUE	14	22	12	20	12	20	1
AT5G03280	AT1G75040	-	3	3	2	2	starNet_2_3	starNet_2_21	TRUE	14	16	12	15	12	15	1
AT1G66340	AT1G64280	-	3	3	2	2	starNet_2_4	starNet_2_6	TRUE	20	92	14	47	14	47	1
AT1G66340	AT1G10210	-	3	1	2	3	starNet_2_4	normal_3_2	FALSE	20	43	14	41	14	41	1
AT5G06950	AT1G64280	-	3	3	2	2	starNet_2_5	starNet_2_6	TRUE	4	92	4	47	4	47	1
AT5G06950	AT1G28480	-	3	3	2	2	starNet_2_5	starNet_2_43	TRUE	4	4	4	4	4	4	1
AT5G06950	AT1G02450	-	3	3	2	2	starNet_2_5	starNet_2_42	TRUE	4	5	4	5	4	5	1
AT5G06950	AT1G68880	-	3	3	2	2	starNet_2_5	starNet_2_56	TRUE	4	5	4	5	4	5	1
AT1G64280	AT1G22070	-	3	3	2	2	starNet_2_6	starNet_2_15	TRUE	92	1	47	1	47	1	1
AT1G64280	AT1G45145	-	3	3	2	2	starNet_2_6	starNet_2_41	TRUE	92	3	47	2	47	2	1
AT1G64280	AT1G02450	-	3	3	2	2	starNet_2_6	starNet_2_42	TRUE	92	5	47	5	47	5	1
AT1G64280	AT1G09415	-	3	3	2	2	starNet_2_6	starNet_2_35	TRUE	92	3	47	3	47	3	1
AT1G64280	AT1G26830	-	3	3	2	2	starNet_2_6	starNet_2_47	TRUE	92	2	47	2	47	2	1
AT1G64280	AT1G28480	-	3	3	2	2	starNet_2_6	starNet_2_43	TRUE	92	4	47	4	47	4	1
AT1G64280	AT1G08320	-	3	3	2	2	starNet_2_6	starNet_2_58	TRUE	92	1	47	1	47	1	1
AT1G64280	AT1G17750	-	3	1	2	3	starNet_2_6	normal_3_28	FALSE	92	13	47	12	47	12	1
AT1G64280	AT1G51590	-	3	3	2	2	starNet_2_6	starNet_2_53	TRUE	92	6	47	5	47	5	1
AT1G64280	AT1G55610	-	3	1	2	3	starNet_2_6	normal_3_11	FALSE	92	14	47	13	47	13	1
AT1G64280	AT1G09970	-	3	1	2	3	starNet_2_6	normal_3_24	FALSE	92	11	47	10	47	10	1
AT1G64280	AT1G62950	-	3	1	2	3	starNet_2_6	normal_3_20	FALSE	92	16	47	15	47	15	1
AT1G64280	AT1G08590	-	3	1	2	3	starNet_2_6	normal_3_42	FALSE	92	10	47	9	47	9	1
AT1G64280	AT1G10210	-	3	1	2	3	starNet_2_6	normal_3_2	FALSE	92	43	47	41	47	41	1
AT1G64280	AT1G08720	-	3	3	2	2	starNet_2_6	starNet_2_63	TRUE	92	1	47	1	47	1	1
AT1G64280	AT1G32640	-	3	3	2	2	starNet_2_6	starNet_2_25	TRUE	92	11	47	10	47	10	1
AT3G20770	AT1G66340	-	3	3	2	2	starNet_2_7	starNet_2_4	TRUE	8	20	7	14	7	14	1
AT3G20770	AT1G32640	-	3	3	2	2	starNet_2_7	starNet_2_25	TRUE	8	11	7	10	7	10	1
AT3G20770	AT2G43790	-	3	1	2	3	starNet_2_7	normal_3_1	FALSE	8	46	7	42	7	42	1
AT3G20770	AT2G39940	-	3	3	2	2	starNet_2_7	starNet_2_24	TRUE	8	18	7	17	7	17	1
AT5G57890	AT2G29690	-	2	2	1	1	normal_1_6	normal_1_3	TRUE	20	20	20	20	20	20	1
AT5G57890	AT3G55870	-	2	2	1	1	normal_1_6	normal_1_4	TRUE	20	20	20	20	20	20	1
AT5G57890	AT5G05730	-	2	2	1	1	normal_1_6	normal_1_1	TRUE	20	20	20	20	20	20	1
AT5G57890	AT1G48850	-	2	2	1	1	normal_1_6	normal_1_11	TRUE	20	20	20	20	20	20	1
AT5G57890	AT5G10870	-	2	2	1	1	normal_1_6	normal_1_12	TRUE	20	23	20	23	20	23	1
AT5G57890	AT3G29200	-	2	2	1	1	normal_1_6	normal_1_13	TRUE	20	23	20	23	20	23	1
AT5G57890	AT1G69370	-	2	2	1	1	normal_1_6	normal_1_10	TRUE	20	21	20	21	20	21	1
AT5G57890	AT1G74710	-	2	2	1	1	normal_1_6	normal_1_25	TRUE	20	52	20	31	20	31	1
AT5G57890	AT1G18870	-	2	2	1	1	normal_1_6	normal_1_18	TRUE	20	29	20	29	20	29	1
AT5G57890	AT5G53970	-	2	2	1	1	normal_1_6	normal_1_19	TRUE	20	29	20	29	20	29	1
AT5G57890	AT4G23590	-	2	2	1	1	normal_1_6	normal_1_21	TRUE	20	29	20	29	20	29	1
AT5G57890	AT4G28420	-	2	2	1	1	normal_1_6	normal_1_15	TRUE	20	29	20	29	20	29	1
AT5G57890	AT2G24850	-	2	2	1	1	normal_1_6	normal_1_23	TRUE	20	29	20	29	20	29	1
AT5G57890	AT5G36160	-	2	2	1	1	normal_1_6	normal_1_24	TRUE	20	29	20	29	20	29	1
AT5G57890	AT4G23600	-	2	2	1	1	normal_1_6	normal_1_22	TRUE	20	29	20	29	20	29	1
AT5G57890	AT4G28410	-	2	2	1	1	normal_1_6	normal_1_16	TRUE	20	29	20	29	20	29	1
AT5G57890	AT1G68890	-	2	2	1	1	normal_1_6	normal_1_17	TRUE	20	29	20	29	20	29	1
AT5G57890	AT1G24807	-	2	2	1	1	normal_1_6	normal_1_5	TRUE	20	20	20	20	20	20	1
AT5G57890	AT1G25220	-	2	2	1	1	normal_1_6	normal_1_2	TRUE	20	20	20	20	20	20	1
AT5G57890	AT1G25155	-	2	2	1	1	normal_1_6	normal_1_7	TRUE	20	20	20	20	20	20	1
AT1G25155	AT1G18870	-	2	2	1	1	normal_1_7	normal_1_18	TRUE	20	29	20	29	20	29	1
AT1G25155	AT1G24807	-	2	2	1	1	normal_1_7	normal_1_5	TRUE	20	20	20	20	20	20	1
AT3G12250	AT1G64280	-	3	3	2	2	starNet_2_8	starNet_2_6	TRUE	4	92	4	47	4	47	1
AT3G12250	AT1G02450	-	3	3	2	2	starNet_2_8	starNet_2_42	TRUE	4	5	4	5	4	5	1
AT3G12250	AT1G28480	-	3	3	2	2	starNet_2_8	starNet_2_43	TRUE	4	4	4	4	4	4	1
AT3G12250	AT1G68880	-	3	3	2	2	starNet_2_8	starNet_2_56	TRUE	4	5	4	5	4	5	1
AT5G06960	AT1G64280	-	3	3	2	2	starNet_2_9	starNet_2_6	TRUE	1	92	1	47	1	47	1
AT5G65210	AT1G64280	-	3	3	2	2	starNet_2_10	starNet_2_6	TRUE	2	92	2	47	2	47	1
AT5G65210	AT1G68880	-	3	3	2	2	starNet_2_10	starNet_2_56	TRUE	2	5	2	5	2	5	1
AT5G42650	AT3G45140	-	3	3	2	2	starNet_2_11	starNet_2_12	TRUE	6	6	5	6	5	6	1
AT5G42650	AT2G39940	-	3	3	2	2	starNet_2_11	starNet_2_24	TRUE	6	18	5	17	5	17	1
AT5G42650	AT2G46370	-	3	3	2	2	starNet_2_11	starNet_2_30	TRUE	6	13	5	12	5	12	1
AT5G42650	AT1G32640	-	3	3	2	2	starNet_2_11	starNet_2_25	TRUE	6	11	5	10	5	10	1
AT5G42650	AT1G64280	-	3	3	2	2	starNet_2_11	starNet_2_6	TRUE	6	92	5	47	5	47	1
AT5G42650	AT1G74710	-	3	2	2	1	starNet_2_11	normal_1_25	FALSE	6	52	5	31	5	31	1
AT3G45140	AT2G39940	-	3	3	2	2	starNet_2_12	starNet_2_24	TRUE	6	18	6	17	6	17	1
AT3G45140	AT2G46370	-	3	3	2	2	starNet_2_12	starNet_2_30	TRUE	6	13	6	12	6	12	1
AT3G45140	AT1G32640	-	3	3	2	2	starNet_2_12	starNet_2_25	TRUE	6	11	6	10	6	10	1
AT3G23240	AT3G20770	-	3	3	2	2	starNet_2_13	starNet_2_7	TRUE	6	8	6	7	6	7	1
AT3G23240	AT2G27050	-	3	3	2	2	starNet_2_13	starNet_2_14	TRUE	6	6	6	5	6	5	1
AT3G23240	AT1G66340	-	3	3	2	2	starNet_2_13	starNet_2_4	TRUE	6	20	6	14	6	14	1
AT3G23240	AT3G12500	-	3	3	2	2	starNet_2_13	starNet_2_31	TRUE	6	9	6	9	6	9	1
AT2G27050	AT1G66340	-	3	3	2	2	starNet_2_14	starNet_2_4	TRUE	6	20	5	14	5	14	1
AT2G27050	AT1G32640	-	3	3	2	2	starNet_2_14	starNet_2_25	TRUE	6	11	5	10	5	10	1
AT2G27050	AT1G74710	-	3	2	2	1	starNet_2_14	normal_1_25	FALSE	6	52	5	31	5	31	1
AT1G77920	AT1G64280	-	3	3	2	2	starNet_2_16	starNet_2_6	TRUE	1	92	1	47	1	47	1
AT3G20600	AT3G07040	-	3	3	2	2	starNet_2_17	starNet_2_2	TRUE	10	11	9	9	9	9	1
AT3G20600	AT1G64280	-	3	3	2	2	starNet_2_17	starNet_2_6	TRUE	10	92	9	47	9	47	1
AT3G20600	AT1G72930	-	3	3	2	2	starNet_2_17	starNet_2_23	TRUE	10	7	9	7	9	7	1
AT3G20600	AT1G74710	-	3	2	2	1	starNet_2_17	normal_1_25	FALSE	10	52	9	31	9	31	1
AT2G22250	AT1G15710	-	2	2	1	1	normal_1_8	normal_1_9	TRUE	21	20	21	20	21	20	1
AT2G22250	AT1G69370	-	2	2	1	1	normal_1_8	normal_1_10	TRUE	21	21	21	21	21	21	1
AT2G22250	AT1G62800	-	2	2	1	1	normal_1_8	normal_1_29	TRUE	21	18	21	18	21	18	1
AT2G22250	AT1G74710	-	2	2	1	1	normal_1_8	normal_1_25	TRUE	21	52	21	31	21	31	1
AT2G22250	AT1G18870	-	2	2	1	1	normal_1_8	normal_1_18	TRUE	21	29	21	29	21	29	1
AT2G22250	AT1G68890	-	2	2	1	1	normal_1_8	normal_1_17	TRUE	21	29	21	29	21	29	1
AT1G69370	AT1G48850	-	2	2	1	1	normal_1_10	normal_1_11	TRUE	21	20	21	20	21	20	1
AT1G69370	AT1G25220	-	2	2	1	1	normal_1_10	normal_1_2	TRUE	21	20	21	20	21	20	1
AT1G69370	AT1G25155	-	2	2	1	1	normal_1_10	normal_1_7	TRUE	21	20	21	20	21	20	1
AT1G69370	AT1G24807	-	2	2	1	1	normal_1_10	normal_1_5	TRUE	21	20	21	20	21	20	1
AT1G69370	AT1G18870	-	2	2	1	1	normal_1_10	normal_1_18	TRUE	21	29	21	29	21	29	1
AT1G69370	AT1G68890	-	2	2	1	1	normal_1_10	normal_1_17	TRUE	21	29	21	29	21	29	1
AT1G48850	AT1G25220	-	2	2	1	1	normal_1_11	normal_1_2	TRUE	20	20	20	20	20	20	1
AT1G48850	AT1G24807	-	2	2	1	1	normal_1_11	normal_1_5	TRUE	20	20	20	20	20	20	1
AT1G48850	AT1G25155	-	2	2	1	1	normal_1_11	normal_1_7	TRUE	20	20	20	20	20	20	1
AT1G48850	AT1G18870	-	2	2	1	1	normal_1_11	normal_1_18	TRUE	20	29	20	29	20	29	1
AT5G10870	AT1G48850	-	2	2	1	1	normal_1_12	normal_1_11	TRUE	23	20	23	20	23	20	1
AT5G10870	AT2G22250	-	2	2	1	1	normal_1_12	normal_1_8	TRUE	23	21	23	21	23	21	1
AT5G10870	AT1G24807	-	2	2	1	1	normal_1_12	normal_1_5	TRUE	23	20	23	20	23	20	1
AT5G10870	AT1G25155	-	2	2	1	1	normal_1_12	normal_1_7	TRUE	23	20	23	20	23	20	1
AT5G10870	AT1G25220	-	2	2	1	1	normal_1_12	normal_1_2	TRUE	23	20	23	20	23	20	1
AT5G10870	AT1G74710	-	2	2	1	1	normal_1_12	normal_1_25	TRUE	23	52	23	31	23	31	1
AT5G10870	AT4G23600	-	2	2	1	1	normal_1_12	normal_1_22	TRUE	23	29	23	29	23	29	1
AT5G10870	AT5G05730	-	2	2	1	1	normal_1_12	normal_1_1	TRUE	23	20	23	20	23	20	1
AT5G10870	AT3G55870	-	2	2	1	1	normal_1_12	normal_1_4	TRUE	23	20	23	20	23	20	1
AT5G10870	AT2G29690	-	2	2	1	1	normal_1_12	normal_1_3	TRUE	23	20	23	20	23	20	1
AT5G10870	AT1G18870	-	2	2	1	1	normal_1_12	normal_1_18	TRUE	23	29	23	29	23	29	1
AT5G10870	AT4G28420	-	2	2	1	1	normal_1_12	normal_1_15	TRUE	23	29	23	29	23	29	1
AT5G10870	AT2G24850	-	2	2	1	1	normal_1_12	normal_1_23	TRUE	23	29	23	29	23	29	1
AT5G10870	AT4G28410	-	2	2	1	1	normal_1_12	normal_1_16	TRUE	23	29	23	29	23	29	1
AT5G10870	AT4G23590	-	2	2	1	1	normal_1_12	normal_1_21	TRUE	23	29	23	29	23	29	1
AT5G10870	AT1G68890	-	2	2	1	1	normal_1_12	normal_1_17	TRUE	23	29	23	29	23	29	1
AT5G10870	AT1G15710	-	2	2	1	1	normal_1_12	normal_1_9	TRUE	23	20	23	20	23	20	1
AT5G10870	AT1G69370	-	2	2	1	1	normal_1_12	normal_1_10	TRUE	23	21	23	21	23	21	1
AT5G10870	AT3G29200	-	2	2	1	1	normal_1_12	normal_1_13	TRUE	23	23	23	23	23	23	1
AT3G29200	AT1G48850	-	2	2	1	1	normal_1_13	normal_1_11	TRUE	23	20	23	20	23	20	1
AT3G29200	AT2G22250	-	2	2	1	1	normal_1_13	normal_1_8	TRUE	23	21	23	21	23	21	1
AT3G29200	AT1G25220	-	2	2	1	1	normal_1_13	normal_1_2	TRUE	23	20	23	20	23	20	1
AT3G29200	AT1G25155	-	2	2	1	1	normal_1_13	normal_1_7	TRUE	23	20	23	20	23	20	1
AT3G29200	AT1G24807	-	2	2	1	1	normal_1_13	normal_1_5	TRUE	23	20	23	20	23	20	1
AT3G29200	AT2G29690	-	2	2	1	1	normal_1_13	normal_1_3	TRUE	23	20	23	20	23	20	1
AT3G29200	AT1G18870	-	2	2	1	1	normal_1_13	normal_1_18	TRUE	23	29	23	29	23	29	1
AT3G29200	AT2G24850	-	2	2	1	1	normal_1_13	normal_1_23	TRUE	23	29	23	29	23	29	1
AT3G29200	AT1G74710	-	2	2	1	1	normal_1_13	normal_1_25	TRUE	23	52	23	31	23	31	1
AT3G29200	AT1G68890	-	2	2	1	1	normal_1_13	normal_1_17	TRUE	23	29	23	29	23	29	1
AT3G29200	AT1G15710	-	2	2	1	1	normal_1_13	normal_1_9	TRUE	23	20	23	20	23	20	1
AT3G29200	AT1G69370	-	2	2	1	1	normal_1_13	normal_1_10	TRUE	23	21	23	21	23	21	1
AT5G34930	AT2G22250	-	2	2	1	1	normal_1_14	normal_1_8	TRUE	20	21	20	21	20	21	1
AT5G34930	AT4G28420	-	2	2	1	1	normal_1_14	normal_1_15	TRUE	20	29	20	29	20	29	1
AT5G34930	AT4G28410	-	2	2	1	1	normal_1_14	normal_1_16	TRUE	20	29	20	29	20	29	1
AT5G34930	AT4G23600	-	2	2	1	1	normal_1_14	normal_1_22	TRUE	20	29	20	29	20	29	1
AT5G34930	AT2G24850	-	2	2	1	1	normal_1_14	normal_1_23	TRUE	20	29	20	29	20	29	1
AT5G34930	AT5G10330	-	2	2	1	1	normal_1_14	normal_1_20	TRUE	20	18	20	18	20	18	1
AT5G34930	AT4G23590	-	2	2	1	1	normal_1_14	normal_1_21	TRUE	20	29	20	29	20	29	1
AT5G34930	AT4G31990	-	2	2	1	1	normal_1_14	normal_1_27	TRUE	20	18	20	18	20	18	1
AT5G34930	AT2G30970	-	2	2	1	1	normal_1_14	normal_1_26	TRUE	20	18	20	18	20	18	1
AT5G34930	AT5G19550	-	2	2	1	1	normal_1_14	normal_1_28	TRUE	20	18	20	18	20	18	1
AT5G34930	AT5G11520	-	2	2	1	1	normal_1_14	normal_1_30	TRUE	20	18	20	18	20	18	1
AT5G34930	AT1G62800	-	2	2	1	1	normal_1_14	normal_1_29	TRUE	20	18	20	18	20	18	1
AT5G34930	AT1G18870	-	2	2	1	1	normal_1_14	normal_1_18	TRUE	20	29	20	29	20	29	1
AT5G34930	AT1G74710	-	2	2	1	1	normal_1_14	normal_1_25	TRUE	20	52	20	31	20	31	1
AT5G34930	AT1G15710	-	2	2	1	1	normal_1_14	normal_1_9	TRUE	20	20	20	20	20	20	1
AT5G34930	AT1G68890	-	2	2	1	1	normal_1_14	normal_1_17	TRUE	20	29	20	29	20	29	1
AT5G34930	AT5G10870	-	2	2	1	1	normal_1_14	normal_1_12	TRUE	20	23	20	23	20	23	1
AT5G34930	AT3G29200	-	2	2	1	1	normal_1_14	normal_1_13	TRUE	20	23	20	23	20	23	1
AT5G10030	AT1G64280	-	3	3	2	2	starNet_2_18	starNet_2_6	TRUE	2	92	2	47	2	47	1
AT5G10030	AT3G16770	-	3	3	2	2	starNet_2_18	starNet_2_39	TRUE	2	3	2	3	2	3	1
AT4G28420	AT1G15710	-	2	2	1	1	normal_1_15	normal_1_9	TRUE	29	20	29	20	29	20	1
AT4G28420	AT3G29200	-	2	2	1	1	normal_1_15	normal_1_13	TRUE	29	23	29	23	29	23	1
AT4G28420	AT1G69370	-	2	2	1	1	normal_1_15	normal_1_10	TRUE	29	21	29	21	29	21	1
AT4G28420	AT1G62800	-	2	2	1	1	normal_1_15	normal_1_29	TRUE	29	18	29	18	29	18	1
AT4G28420	AT2G30970	-	2	2	1	1	normal_1_15	normal_1_26	TRUE	29	18	29	18	29	18	1
AT4G28420	AT2G22250	-	2	2	1	1	normal_1_15	normal_1_8	TRUE	29	21	29	21	29	21	1
AT4G28420	AT3G55870	-	2	2	1	1	normal_1_15	normal_1_4	TRUE	29	20	29	20	29	20	1
AT4G28420	AT2G29690	-	2	2	1	1	normal_1_15	normal_1_3	TRUE	29	20	29	20	29	20	1
AT4G28420	AT1G48850	-	2	2	1	1	normal_1_15	normal_1_11	TRUE	29	20	29	20	29	20	1
AT4G28420	AT1G24807	-	2	2	1	1	normal_1_15	normal_1_5	TRUE	29	20	29	20	29	20	1
AT4G28420	AT1G25220	-	2	2	1	1	normal_1_15	normal_1_2	TRUE	29	20	29	20	29	20	1
AT4G28420	AT1G25155	-	2	2	1	1	normal_1_15	normal_1_7	TRUE	29	20	29	20	29	20	1
AT4G28420	AT4G23600	-	2	2	1	1	normal_1_15	normal_1_22	TRUE	29	29	29	29	29	29	1
AT4G28420	AT4G23590	-	2	2	1	1	normal_1_15	normal_1_21	TRUE	29	29	29	29	29	29	1
AT4G28420	AT2G24850	-	2	2	1	1	normal_1_15	normal_1_23	TRUE	29	29	29	29	29	29	1
AT4G28420	AT4G28410	-	2	2	1	1	normal_1_15	normal_1_16	TRUE	29	29	29	29	29	29	1
AT4G28420	AT1G18870	-	2	2	1	1	normal_1_15	normal_1_18	TRUE	29	29	29	29	29	29	1
AT4G28420	AT1G74710	-	2	2	1	1	normal_1_15	normal_1_25	TRUE	29	52	29	31	29	31	1
AT4G28420	AT1G68890	-	2	2	1	1	normal_1_15	normal_1_17	TRUE	29	29	29	29	29	29	1
AT4G28410	AT1G15710	-	2	2	1	1	normal_1_16	normal_1_9	TRUE	29	20	29	20	29	20	1
AT4G28410	AT1G69370	-	2	2	1	1	normal_1_16	normal_1_10	TRUE	29	21	29	21	29	21	1
AT4G28410	AT3G29200	-	2	2	1	1	normal_1_16	normal_1_13	TRUE	29	23	29	23	29	23	1
AT4G28410	AT1G62800	-	2	2	1	1	normal_1_16	normal_1_29	TRUE	29	18	29	18	29	18	1
AT4G28410	AT2G30970	-	2	2	1	1	normal_1_16	normal_1_26	TRUE	29	18	29	18	29	18	1
AT4G28410	AT2G22250	-	2	2	1	1	normal_1_16	normal_1_8	TRUE	29	21	29	21	29	21	1
AT4G28410	AT3G55870	-	2	2	1	1	normal_1_16	normal_1_4	TRUE	29	20	29	20	29	20	1
AT4G28410	AT2G29690	-	2	2	1	1	normal_1_16	normal_1_3	TRUE	29	20	29	20	29	20	1
AT4G28410	AT1G48850	-	2	2	1	1	normal_1_16	normal_1_11	TRUE	29	20	29	20	29	20	1
AT4G28410	AT1G24807	-	2	2	1	1	normal_1_16	normal_1_5	TRUE	29	20	29	20	29	20	1
AT4G28410	AT1G25155	-	2	2	1	1	normal_1_16	normal_1_7	TRUE	29	20	29	20	29	20	1
AT4G28410	AT1G25220	-	2	2	1	1	normal_1_16	normal_1_2	TRUE	29	20	29	20	29	20	1
AT4G28410	AT4G23600	-	2	2	1	1	normal_1_16	normal_1_22	TRUE	29	29	29	29	29	29	1
AT4G28410	AT4G23590	-	2	2	1	1	normal_1_16	normal_1_21	TRUE	29	29	29	29	29	29	1
AT4G28410	AT2G24850	-	2	2	1	1	normal_1_16	normal_1_23	TRUE	29	29	29	29	29	29	1
AT4G28410	AT1G74710	-	2	2	1	1	normal_1_16	normal_1_25	TRUE	29	52	29	31	29	31	1
AT4G28410	AT1G18870	-	2	2	1	1	normal_1_16	normal_1_18	TRUE	29	29	29	29	29	29	1
AT4G28410	AT1G68890	-	2	2	1	1	normal_1_16	normal_1_17	TRUE	29	29	29	29	29	29	1
AT1G68890	AT1G18870	-	2	2	1	1	normal_1_17	normal_1_18	TRUE	29	29	29	29	29	29	1
AT1G68890	AT1G25220	-	2	2	1	1	normal_1_17	normal_1_2	TRUE	29	20	29	20	29	20	1
AT1G68890	AT1G24807	-	2	2	1	1	normal_1_17	normal_1_5	TRUE	29	20	29	20	29	20	1
AT1G68890	AT1G25155	-	2	2	1	1	normal_1_17	normal_1_7	TRUE	29	20	29	20	29	20	1
AT1G68890	AT1G48850	-	2	2	1	1	normal_1_17	normal_1_11	TRUE	29	20	29	20	29	20	1
AT1G68890	AT1G15710	-	2	2	1	1	normal_1_17	normal_1_9	TRUE	29	20	29	20	29	20	1
AT1G68890	AT1G62800	-	2	2	1	1	normal_1_17	normal_1_29	TRUE	29	18	29	18	29	18	1
AT1G18870	AT1G15710	-	2	2	1	1	normal_1_18	normal_1_9	TRUE	29	20	29	20	29	20	1
AT5G53970	AT1G15710	-	2	2	1	1	normal_1_19	normal_1_9	TRUE	29	20	29	20	29	20	1
AT5G53970	AT5G34930	-	2	2	1	1	normal_1_19	normal_1_14	TRUE	29	20	29	20	29	20	1
AT5G53970	AT1G62800	-	2	2	1	1	normal_1_19	normal_1_29	TRUE	29	18	29	18	29	18	1
AT5G53970	AT5G19550	-	2	2	1	1	normal_1_19	normal_1_28	TRUE	29	18	29	18	29	18	1
AT5G53970	AT5G10870	-	2	2	1	1	normal_1_19	normal_1_12	TRUE	29	23	29	23	29	23	1
AT5G53970	AT3G29200	-	2	2	1	1	normal_1_19	normal_1_13	TRUE	29	23	29	23	29	23	1
AT5G53970	AT1G69370	-	2	2	1	1	normal_1_19	normal_1_10	TRUE	29	21	29	21	29	21	1
AT5G53970	AT5G11520	-	2	2	1	1	normal_1_19	normal_1_30	TRUE	29	18	29	18	29	18	1
AT5G53970	AT2G30970	-	2	2	1	1	normal_1_19	normal_1_26	TRUE	29	18	29	18	29	18	1
AT5G53970	AT4G31990	-	2	2	1	1	normal_1_19	normal_1_27	TRUE	29	18	29	18	29	18	1
AT5G53970	AT5G10330	-	2	2	1	1	normal_1_19	normal_1_20	TRUE	29	18	29	18	29	18	1
AT5G53970	AT2G22250	-	2	2	1	1	normal_1_19	normal_1_8	TRUE	29	21	29	21	29	21	1
AT5G53970	AT5G05730	-	2	2	1	1	normal_1_19	normal_1_1	TRUE	29	20	29	20	29	20	1
AT5G53970	AT2G29690	-	2	2	1	1	normal_1_19	normal_1_3	TRUE	29	20	29	20	29	20	1
AT5G53970	AT3G55870	-	2	2	1	1	normal_1_19	normal_1_4	TRUE	29	20	29	20	29	20	1
AT5G53970	AT1G48850	-	2	2	1	1	normal_1_19	normal_1_11	TRUE	29	20	29	20	29	20	1
AT5G53970	AT1G25220	-	2	2	1	1	normal_1_19	normal_1_2	TRUE	29	20	29	20	29	20	1
AT5G53970	AT1G24807	-	2	2	1	1	normal_1_19	normal_1_5	TRUE	29	20	29	20	29	20	1
AT5G53970	AT1G25155	-	2	2	1	1	normal_1_19	normal_1_7	TRUE	29	20	29	20	29	20	1
AT5G53970	AT4G23600	-	2	2	1	1	normal_1_19	normal_1_22	TRUE	29	29	29	29	29	29	1
AT5G53970	AT5G36160	-	2	2	1	1	normal_1_19	normal_1_24	TRUE	29	29	29	29	29	29	1
AT5G53970	AT2G24850	-	2	2	1	1	normal_1_19	normal_1_23	TRUE	29	29	29	29	29	29	1
AT5G53970	AT4G23590	-	2	2	1	1	normal_1_19	normal_1_21	TRUE	29	29	29	29	29	29	1
AT5G53970	AT4G28410	-	2	2	1	1	normal_1_19	normal_1_16	TRUE	29	29	29	29	29	29	1
AT5G53970	AT4G28420	-	2	2	1	1	normal_1_19	normal_1_15	TRUE	29	29	29	29	29	29	1
AT5G53970	AT1G18870	-	2	2	1	1	normal_1_19	normal_1_18	TRUE	29	29	29	29	29	29	1
AT5G53970	AT1G68890	-	2	2	1	1	normal_1_19	normal_1_17	TRUE	29	29	29	29	29	29	1
AT5G53970	AT1G74710	-	2	2	1	1	normal_1_19	normal_1_25	TRUE	29	52	29	31	29	31	1
AT5G10330	AT1G15710	-	2	2	1	1	normal_1_20	normal_1_9	TRUE	18	20	18	20	18	20	1
AT5G10330	AT2G24850	-	2	2	1	1	normal_1_20	normal_1_23	TRUE	18	29	18	29	18	29	1
AT5G10330	AT4G23590	-	2	2	1	1	normal_1_20	normal_1_21	TRUE	18	29	18	29	18	29	1
AT5G10330	AT4G28410	-	2	2	1	1	normal_1_20	normal_1_16	TRUE	18	29	18	29	18	29	1
AT5G10330	AT4G23600	-	2	2	1	1	normal_1_20	normal_1_22	TRUE	18	29	18	29	18	29	1
AT5G10330	AT4G28420	-	2	2	1	1	normal_1_20	normal_1_15	TRUE	18	29	18	29	18	29	1
AT5G10330	AT2G22250	-	2	2	1	1	normal_1_20	normal_1_8	TRUE	18	21	18	21	18	21	1
AT5G10330	AT4G31990	-	2	2	1	1	normal_1_20	normal_1_27	TRUE	18	18	18	18	18	18	1
AT5G10330	AT1G62800	-	2	2	1	1	normal_1_20	normal_1_29	TRUE	18	18	18	18	18	18	1
AT5G10330	AT2G30970	-	2	2	1	1	normal_1_20	normal_1_26	TRUE	18	18	18	18	18	18	1
AT5G10330	AT1G68890	-	2	2	1	1	normal_1_20	normal_1_17	TRUE	18	29	18	29	18	29	1
AT5G10330	AT1G18870	-	2	2	1	1	normal_1_20	normal_1_18	TRUE	18	29	18	29	18	29	1
AT5G10330	AT1G74710	-	2	2	1	1	normal_1_20	normal_1_25	TRUE	18	52	18	31	18	31	1
AT4G23590	AT1G15710	-	2	2	1	1	normal_1_21	normal_1_9	TRUE	29	20	29	20	29	20	1
AT4G23590	AT1G69370	-	2	2	1	1	normal_1_21	normal_1_10	TRUE	29	21	29	21	29	21	1
AT4G23590	AT3G29200	-	2	2	1	1	normal_1_21	normal_1_13	TRUE	29	23	29	23	29	23	1
AT4G23590	AT2G30970	-	2	2	1	1	normal_1_21	normal_1_26	TRUE	29	18	29	18	29	18	1
AT4G23590	AT1G62800	-	2	2	1	1	normal_1_21	normal_1_29	TRUE	29	18	29	18	29	18	1
AT4G23590	AT2G22250	-	2	2	1	1	normal_1_21	normal_1_8	TRUE	29	21	29	21	29	21	1
AT4G23590	AT2G29690	-	2	2	1	1	normal_1_21	normal_1_3	TRUE	29	20	29	20	29	20	1
AT4G23590	AT3G55870	-	2	2	1	1	normal_1_21	normal_1_4	TRUE	29	20	29	20	29	20	1
AT4G23590	AT1G48850	-	2	2	1	1	normal_1_21	normal_1_11	TRUE	29	20	29	20	29	20	1
AT4G23590	AT1G24807	-	2	2	1	1	normal_1_21	normal_1_5	TRUE	29	20	29	20	29	20	1
AT4G23590	AT1G25220	-	2	2	1	1	normal_1_21	normal_1_2	TRUE	29	20	29	20	29	20	1
AT4G23590	AT1G25155	-	2	2	1	1	normal_1_21	normal_1_7	TRUE	29	20	29	20	29	20	1
AT4G23590	AT2G24850	-	2	2	1	1	normal_1_21	normal_1_23	TRUE	29	29	29	29	29	29	1
AT4G23590	AT1G18870	-	2	2	1	1	normal_1_21	normal_1_18	TRUE	29	29	29	29	29	29	1
AT4G23590	AT1G74710	-	2	2	1	1	normal_1_21	normal_1_25	TRUE	29	52	29	31	29	31	1
AT4G23590	AT1G68890	-	2	2	1	1	normal_1_21	normal_1_17	TRUE	29	29	29	29	29	29	1
AT4G23600	AT1G15710	-	2	2	1	1	normal_1_22	normal_1_9	TRUE	29	20	29	20	29	20	1
AT4G23600	AT3G29200	-	2	2	1	1	normal_1_22	normal_1_13	TRUE	29	23	29	23	29	23	1
AT4G23600	AT1G69370	-	2	2	1	1	normal_1_22	normal_1_10	TRUE	29	21	29	21	29	21	1
AT4G23600	AT2G30970	-	2	2	1	1	normal_1_22	normal_1_26	TRUE	29	18	29	18	29	18	1
AT4G23600	AT1G62800	-	2	2	1	1	normal_1_22	normal_1_29	TRUE	29	18	29	18	29	18	1
AT4G23600	AT1G74710	-	2	2	1	1	normal_1_22	normal_1_25	TRUE	29	52	29	31	29	31	1
AT4G23600	AT2G22250	-	2	2	1	1	normal_1_22	normal_1_8	TRUE	29	21	29	21	29	21	1
AT4G23600	AT2G29690	-	2	2	1	1	normal_1_22	normal_1_3	TRUE	29	20	29	20	29	20	1
AT4G23600	AT3G55870	-	2	2	1	1	normal_1_22	normal_1_4	TRUE	29	20	29	20	29	20	1
AT4G23600	AT1G48850	-	2	2	1	1	normal_1_22	normal_1_11	TRUE	29	20	29	20	29	20	1
AT4G23600	AT1G25220	-	2	2	1	1	normal_1_22	normal_1_2	TRUE	29	20	29	20	29	20	1
AT4G23600	AT1G24807	-	2	2	1	1	normal_1_22	normal_1_5	TRUE	29	20	29	20	29	20	1
AT4G23600	AT1G25155	-	2	2	1	1	normal_1_22	normal_1_7	TRUE	29	20	29	20	29	20	1
AT4G23600	AT2G24850	-	2	2	1	1	normal_1_22	normal_1_23	TRUE	29	29	29	29	29	29	1
AT4G23600	AT4G23590	-	2	2	1	1	normal_1_22	normal_1_21	TRUE	29	29	29	29	29	29	1
AT4G23600	AT1G18870	-	2	2	1	1	normal_1_22	normal_1_18	TRUE	29	29	29	29	29	29	1
AT4G23600	AT1G68890	-	2	2	1	1	normal_1_22	normal_1_17	TRUE	29	29	29	29	29	29	1
AT2G24850	AT1G15710	-	2	2	1	1	normal_1_23	normal_1_9	TRUE	29	20	29	20	29	20	1
AT2G24850	AT1G69370	-	2	2	1	1	normal_1_23	normal_1_10	TRUE	29	21	29	21	29	21	1
AT2G24850	AT1G62800	-	2	2	1	1	normal_1_23	normal_1_29	TRUE	29	18	29	18	29	18	1
AT2G24850	AT2G22250	-	2	2	1	1	normal_1_23	normal_1_8	TRUE	29	21	29	21	29	21	1
AT2G24850	AT1G25220	-	2	2	1	1	normal_1_23	normal_1_2	TRUE	29	20	29	20	29	20	1
AT2G24850	AT1G48850	-	2	2	1	1	normal_1_23	normal_1_11	TRUE	29	20	29	20	29	20	1
AT2G24850	AT1G74710	-	2	2	1	1	normal_1_23	normal_1_25	TRUE	29	52	29	31	29	31	1
AT2G24850	AT1G24807	-	2	2	1	1	normal_1_23	normal_1_5	TRUE	29	20	29	20	29	20	1
AT2G24850	AT1G25155	-	2	2	1	1	normal_1_23	normal_1_7	TRUE	29	20	29	20	29	20	1
AT2G24850	AT1G68890	-	2	2	1	1	normal_1_23	normal_1_17	TRUE	29	29	29	29	29	29	1
AT2G24850	AT1G18870	-	2	2	1	1	normal_1_23	normal_1_18	TRUE	29	29	29	29	29	29	1
AT5G36160	AT1G15710	-	2	2	1	1	normal_1_24	normal_1_9	TRUE	29	20	29	20	29	20	1
AT5G36160	AT5G34930	-	2	2	1	1	normal_1_24	normal_1_14	TRUE	29	20	29	20	29	20	1
AT5G36160	AT1G62800	-	2	2	1	1	normal_1_24	normal_1_29	TRUE	29	18	29	18	29	18	1
AT5G36160	AT4G31990	-	2	2	1	1	normal_1_24	normal_1_27	TRUE	29	18	29	18	29	18	1
AT5G36160	AT3G29200	-	2	2	1	1	normal_1_24	normal_1_13	TRUE	29	23	29	23	29	23	1
AT5G36160	AT5G10870	-	2	2	1	1	normal_1_24	normal_1_12	TRUE	29	23	29	23	29	23	1
AT5G36160	AT1G69370	-	2	2	1	1	normal_1_24	normal_1_10	TRUE	29	21	29	21	29	21	1
AT5G36160	AT5G19550	-	2	2	1	1	normal_1_24	normal_1_28	TRUE	29	18	29	18	29	18	1
AT5G36160	AT5G11520	-	2	2	1	1	normal_1_24	normal_1_30	TRUE	29	18	29	18	29	18	1
AT5G36160	AT2G30970	-	2	2	1	1	normal_1_24	normal_1_26	TRUE	29	18	29	18	29	18	1
AT5G36160	AT5G05730	-	2	2	1	1	normal_1_24	normal_1_1	TRUE	29	20	29	20	29	20	1
AT5G36160	AT2G22250	-	2	2	1	1	normal_1_24	normal_1_8	TRUE	29	21	29	21	29	21	1
AT5G36160	AT5G10330	-	2	2	1	1	normal_1_24	normal_1_20	TRUE	29	18	29	18	29	18	1
AT5G36160	AT3G55870	-	2	2	1	1	normal_1_24	normal_1_4	TRUE	29	20	29	20	29	20	1
AT5G36160	AT2G29690	-	2	2	1	1	normal_1_24	normal_1_3	TRUE	29	20	29	20	29	20	1
AT5G36160	AT1G48850	-	2	2	1	1	normal_1_24	normal_1_11	TRUE	29	20	29	20	29	20	1
AT5G36160	AT4G23600	-	2	2	1	1	normal_1_24	normal_1_22	TRUE	29	29	29	29	29	29	1
AT5G36160	AT1G25155	-	2	2	1	1	normal_1_24	normal_1_7	TRUE	29	20	29	20	29	20	1
AT5G36160	AT1G24807	-	2	2	1	1	normal_1_24	normal_1_5	TRUE	29	20	29	20	29	20	1
AT5G36160	AT1G25220	-	2	2	1	1	normal_1_24	normal_1_2	TRUE	29	20	29	20	29	20	1
AT5G36160	AT4G23590	-	2	2	1	1	normal_1_24	normal_1_21	TRUE	29	29	29	29	29	29	1
AT5G36160	AT2G24850	-	2	2	1	1	normal_1_24	normal_1_23	TRUE	29	29	29	29	29	29	1
AT5G36160	AT4G28410	-	2	2	1	1	normal_1_24	normal_1_16	TRUE	29	29	29	29	29	29	1
AT5G36160	AT4G28420	-	2	2	1	1	normal_1_24	normal_1_15	TRUE	29	29	29	29	29	29	1
AT5G36160	AT1G68890	-	2	2	1	1	normal_1_24	normal_1_17	TRUE	29	29	29	29	29	29	1
AT5G36160	AT1G18870	-	2	2	1	1	normal_1_24	normal_1_18	TRUE	29	29	29	29	29	29	1
AT5G36160	AT1G74710	-	2	2	1	1	normal_1_24	normal_1_25	TRUE	29	52	29	31	29	31	1
AT1G74710	AT1G68890	-	2	2	1	1	normal_1_25	normal_1_17	TRUE	52	29	31	29	31	29	1
AT1G74710	AT1G64280	-	2	3	1	2	normal_1_25	starNet_2_6	FALSE	52	92	31	47	31	47	1
AT1G74710	AT1G69370	-	2	2	1	1	normal_1_25	normal_1_10	TRUE	52	21	31	21	31	21	1
AT1G74710	AT1G48850	-	2	2	1	1	normal_1_25	normal_1_11	TRUE	52	20	31	20	31	20	1
AT1G74710	AT1G25155	-	2	2	1	1	normal_1_25	normal_1_7	TRUE	52	20	31	20	31	20	1
AT1G74710	AT1G24807	-	2	2	1	1	normal_1_25	normal_1_5	TRUE	52	20	31	20	31	20	1
AT1G74710	AT1G25220	-	2	2	1	1	normal_1_25	normal_1_2	TRUE	52	20	31	20	31	20	1
AT1G74710	AT1G15710	-	2	2	1	1	normal_1_25	normal_1_9	TRUE	52	20	31	20	31	20	1
AT1G74710	AT1G18870	-	2	2	1	1	normal_1_25	normal_1_18	TRUE	52	29	31	29	31	29	1
AT1G74710	AT1G62800	-	2	2	1	1	normal_1_25	normal_1_29	TRUE	52	18	31	18	31	18	1
AT1G74710	AT1G19250	-	2	3	1	2	normal_1_25	starNet_2_55	FALSE	52	3	31	2	31	2	1
AT1G74710	AT1G51590	-	2	3	1	2	normal_1_25	starNet_2_53	FALSE	52	6	31	5	31	5	1
AT3G48090	AT1G64280	-	3	3	2	2	starNet_2_19	starNet_2_6	TRUE	22	92	20	47	20	47	1
AT3G48090	AT3G20600	-	3	3	2	2	starNet_2_19	starNet_2_17	TRUE	22	10	20	9	20	9	1
AT3G48090	AT1G74710	-	3	2	2	1	starNet_2_19	normal_1_25	FALSE	22	52	20	31	20	31	1
AT3G48090	AT1G72930	-	3	3	2	2	starNet_2_19	starNet_2_23	TRUE	22	7	20	7	20	7	1
AT3G48090	AT3G07040	-	3	3	2	2	starNet_2_19	starNet_2_2	TRUE	22	11	20	9	20	9	1
AT3G48090	AT1G75040	-	3	3	2	2	starNet_2_19	starNet_2_21	TRUE	22	16	20	15	20	15	1
AT3G48090	AT1G19250	-	3	3	2	2	starNet_2_19	starNet_2_55	TRUE	22	3	20	2	20	2	1
AT3G48090	AT3G25070	-	3	3	2	2	starNet_2_19	starNet_2_1	TRUE	22	8	20	6	20	6	1
AT3G48090	AT2G39940	-	3	3	2	2	starNet_2_19	starNet_2_24	TRUE	22	18	20	17	20	17	1
AT3G57260	AT1G75040	-	3	3	2	2	starNet_2_20	starNet_2_21	TRUE	15	16	14	15	14	15	1
AT3G57260	AT3G12500	-	3	3	2	2	starNet_2_20	starNet_2_31	TRUE	15	9	14	9	14	9	1
AT3G57260	AT2G43570	-	3	3	2	2	starNet_2_20	starNet_2_37	TRUE	15	3	14	3	14	3	1
AT3G57260	AT1G64280	-	3	3	2	2	starNet_2_20	starNet_2_6	TRUE	15	92	14	47	14	47	1
AT3G57260	AT3G04720	-	3	3	2	2	starNet_2_20	starNet_2_33	TRUE	15	5	14	5	14	5	1
AT3G57260	AT1G51590	-	3	3	2	2	starNet_2_20	starNet_2_53	TRUE	15	6	14	5	14	5	1
AT3G57260	AT3G52430	-	3	3	2	2	starNet_2_20	starNet_2_22	TRUE	15	24	14	22	14	22	1
AT3G57260	AT1G74710	-	3	2	2	1	starNet_2_20	normal_1_25	FALSE	15	52	14	31	14	31	1
AT3G57260	AT2G14610	-	3	3	2	2	starNet_2_20	starNet_2_49	TRUE	15	6	14	5	14	5	1
AT3G57260	AT3G48090	-	3	3	2	2	starNet_2_20	starNet_2_19	TRUE	15	22	14	20	14	20	1
AT3G57260	AT1G66340	-	3	3	2	2	starNet_2_20	starNet_2_4	TRUE	15	20	14	14	14	14	1
AT3G57260	AT1G78780	-	3	3	2	2	starNet_2_20	starNet_2_62	TRUE	15	2	14	2	14	2	1
AT1G75040	AT1G64280	-	3	3	2	2	starNet_2_21	starNet_2_6	TRUE	16	92	15	47	15	47	1
AT1G75040	AT1G74710	-	3	2	2	1	starNet_2_21	normal_1_25	FALSE	16	52	15	31	15	31	1
AT1G75040	AT1G51590	-	3	3	2	2	starNet_2_21	starNet_2_53	TRUE	16	6	15	5	15	5	1
AT3G52430	AT1G64280	-	3	3	2	2	starNet_2_22	starNet_2_6	TRUE	24	92	22	47	22	47	1
AT3G52430	AT1G74710	-	3	2	2	1	starNet_2_22	normal_1_25	FALSE	24	52	22	31	22	31	1
AT3G52430	AT3G20600	-	3	3	2	2	starNet_2_22	starNet_2_17	TRUE	24	10	22	9	22	9	1
AT3G52430	AT3G26830	-	3	3	2	2	starNet_2_22	starNet_2_44	TRUE	24	5	22	3	22	3	1
AT3G52430	AT1G75040	-	3	3	2	2	starNet_2_22	starNet_2_21	TRUE	24	16	22	15	22	15	1
AT3G52430	AT1G72930	-	3	3	2	2	starNet_2_22	starNet_2_23	TRUE	24	7	22	7	22	7	1
AT3G52430	AT3G07040	-	3	3	2	2	starNet_2_22	starNet_2_2	TRUE	24	11	22	9	22	9	1
AT3G52430	AT3G48090	-	3	3	2	2	starNet_2_22	starNet_2_19	TRUE	24	22	22	20	22	20	1
AT3G52430	AT2G39940	-	3	3	2	2	starNet_2_22	starNet_2_24	TRUE	24	18	22	17	22	17	1
AT3G52430	AT1G19250	-	3	3	2	2	starNet_2_22	starNet_2_55	TRUE	24	3	22	2	22	2	1
AT3G52430	AT2G46370	-	3	3	2	2	starNet_2_22	starNet_2_30	TRUE	24	13	22	12	22	12	1
AT3G52430	AT3G25070	-	3	3	2	2	starNet_2_22	starNet_2_1	TRUE	24	8	22	6	22	6	1
AT3G52430	AT2G14610	-	3	3	2	2	starNet_2_22	starNet_2_49	TRUE	24	6	22	5	22	5	1
AT2G43790	AT1G10210	-	1	1	3	3	normal_3_1	normal_3_2	TRUE	46	43	42	41	42	41	1
AT2G43790	AT2G40860	-	1	1	3	3	normal_3_1	normal_3_5	TRUE	46	44	42	42	42	42	1
AT2G43790	AT1G64280	-	1	3	3	2	normal_3_1	starNet_2_6	FALSE	46	92	42	47	42	47	1
AT2G43790	AT1G62950	-	1	1	3	3	normal_3_1	normal_3_20	TRUE	46	16	42	15	42	15	1
AT2G43790	AT1G32640	-	1	3	3	2	normal_3_1	starNet_2_25	FALSE	46	11	42	10	42	10	1
AT2G43790	AT2G26330	-	1	1	3	3	normal_3_1	normal_3_9	TRUE	46	15	42	13	42	13	1
AT2G43790	AT1G73080	-	1	1	3	3	normal_3_1	normal_3_17	TRUE	46	17	42	15	42	15	1
AT2G43790	AT1G66340	-	1	3	3	2	normal_3_1	starNet_2_4	FALSE	46	20	42	14	42	14	1
AT2G43790	AT1G17750	-	1	1	3	3	normal_3_1	normal_3_28	TRUE	46	13	42	12	42	12	1
AT2G43790	AT2G24130	-	1	1	3	3	normal_3_1	normal_3_18	TRUE	46	16	42	15	42	15	1
AT2G43790	AT1G09970	-	1	1	3	3	normal_3_1	normal_3_24	TRUE	46	11	42	10	42	10	1
AT2G43790	AT1G75640	-	1	1	3	3	normal_3_1	normal_3_40	TRUE	46	21	42	20	42	20	1
AT2G43790	AT1G74360	-	1	1	3	3	normal_3_1	normal_3_36	TRUE	46	18	42	17	42	17	1
AT2G43790	AT1G55610	-	1	1	3	3	normal_3_1	normal_3_11	TRUE	46	14	42	13	42	13	1
AT2G43790	AT1G08590	-	1	1	3	3	normal_3_1	normal_3_42	TRUE	46	10	42	9	42	9	1
AT2G43790	AT1G72300	-	1	1	3	3	normal_3_1	normal_3_37	TRUE	46	25	42	24	42	24	1
AT1G10210	AT1G09970	-	1	1	3	3	normal_3_2	normal_3_24	TRUE	43	11	41	10	41	10	1
AT1G10210	AT1G08590	-	1	1	3	3	normal_3_2	normal_3_42	TRUE	43	10	41	9	41	9	1
AT1G72930	AT1G64280	-	3	3	2	2	starNet_2_23	starNet_2_6	TRUE	7	92	7	47	7	47	1
AT2G39940	AT1G32640	-	3	3	2	2	starNet_2_24	starNet_2_25	TRUE	18	11	17	10	17	10	1
AT2G39940	AT1G64280	-	3	3	2	2	starNet_2_24	starNet_2_6	TRUE	18	92	17	47	17	47	1
AT2G39940	AT1G74710	-	3	2	2	1	starNet_2_24	normal_1_25	FALSE	18	52	17	31	17	31	1
AT2G39940	AT1G66340	-	3	3	2	2	starNet_2_24	starNet_2_4	TRUE	18	20	17	14	17	14	1
AT2G39940	AT1G72260	-	3	3	2	2	starNet_2_24	starNet_2_48	TRUE	18	2	17	2	17	2	1
AT2G39940	AT1G75040	-	3	3	2	2	starNet_2_24	starNet_2_21	TRUE	18	16	17	15	17	15	1
AT1G32640	AT1G06160	-	3	3	2	2	starNet_2_25	starNet_2_45	TRUE	11	2	10	2	10	2	1
AT4G39030	AT1G74710	-	3	2	2	1	starNet_2_26	normal_1_25	FALSE	11	52	10	31	10	31	1
AT4G39030	AT3G52430	-	3	3	2	2	starNet_2_26	starNet_2_22	TRUE	11	24	10	22	10	22	1
AT4G39030	AT1G64280	-	3	3	2	2	starNet_2_26	starNet_2_6	TRUE	11	92	10	47	10	47	1
AT4G39030	AT3G48090	-	3	3	2	2	starNet_2_26	starNet_2_19	TRUE	11	22	10	20	10	20	1
AT4G39030	AT1G75040	-	3	3	2	2	starNet_2_26	starNet_2_21	TRUE	11	16	10	15	10	15	1
AT4G39030	AT3G57260	-	3	3	2	2	starNet_2_26	starNet_2_20	TRUE	11	15	10	14	10	14	1
AT4G39030	AT3G20600	-	3	3	2	2	starNet_2_26	starNet_2_17	TRUE	11	10	10	9	10	9	1
AT4G39030	AT2G39940	-	3	3	2	2	starNet_2_26	starNet_2_24	TRUE	11	18	10	17	10	17	1
AT4G39030	AT2G46370	-	3	3	2	2	starNet_2_26	starNet_2_30	TRUE	11	13	10	12	10	12	1
AT4G01370	AT1G10210	-	1	1	3	3	normal_3_3	normal_3_2	TRUE	49	43	41	41	41	41	1
AT4G01370	AT2G40860	-	1	1	3	3	normal_3_3	normal_3_5	TRUE	49	44	41	42	41	42	1
AT4G01370	AT2G43790	-	1	1	3	3	normal_3_3	normal_3_1	TRUE	49	46	41	42	41	42	1
AT4G01370	AT3G45640	-	1	1	3	3	normal_3_3	normal_3_4	TRUE	49	42	41	41	41	41	1
AT4G01370	AT1G64280	-	1	3	3	2	normal_3_3	starNet_2_6	FALSE	49	92	41	47	41	47	1
AT4G01370	AT3G47570	-	1	1	3	3	normal_3_3	normal_3_19	TRUE	49	12	41	11	41	11	1
AT4G01370	AT3G47580	-	1	1	3	3	normal_3_3	normal_3_21	TRUE	49	13	41	12	41	12	1
AT4G01370	AT3G47090	-	1	1	3	3	normal_3_3	normal_3_22	TRUE	49	14	41	13	41	13	1
AT4G01370	AT2G24130	-	1	1	3	3	normal_3_3	normal_3_18	TRUE	49	16	41	15	41	15	1
AT4G01370	AT1G62950	-	1	1	3	3	normal_3_3	normal_3_20	TRUE	49	16	41	15	41	15	1
AT4G01370	AT3G47110	-	1	1	3	3	normal_3_3	normal_3_23	TRUE	49	14	41	13	41	13	1
AT4G01370	AT1G09970	-	1	1	3	3	normal_3_3	normal_3_24	TRUE	49	11	41	10	41	10	1
AT4G01370	AT3G26830	-	1	3	3	2	normal_3_3	starNet_2_44	FALSE	49	5	41	3	41	3	1
AT4G01370	AT3G52430	-	1	3	3	2	normal_3_3	starNet_2_22	FALSE	49	24	41	22	41	22	1
AT4G01370	AT2G26330	-	1	1	3	3	normal_3_3	normal_3_9	TRUE	49	15	41	13	41	13	1
AT4G01370	AT3G48090	-	1	3	3	2	normal_3_3	starNet_2_19	FALSE	49	22	41	20	41	20	1
AT4G01370	AT1G73080	-	1	1	3	3	normal_3_3	normal_3_17	TRUE	49	17	41	15	41	15	1
AT4G01370	AT1G74710	-	1	2	3	1	normal_3_3	normal_1_25	FALSE	49	52	41	31	41	31	1
AT4G01370	AT1G55610	-	1	1	3	3	normal_3_3	normal_3_11	TRUE	49	14	41	13	41	13	1
AT4G01370	AT3G13380	-	1	1	3	3	normal_3_3	normal_3_10	TRUE	49	15	41	14	41	14	1
AT4G01370	AT3G49670	-	1	1	3	3	normal_3_3	normal_3_33	TRUE	49	12	41	11	41	11	1
AT4G01370	AT1G75640	-	1	1	3	3	normal_3_3	normal_3_40	TRUE	49	21	41	20	41	20	1
AT4G01370	AT1G74360	-	1	1	3	3	normal_3_3	normal_3_36	TRUE	49	18	41	17	41	17	1
AT4G01370	AT1G17750	-	1	1	3	3	normal_3_3	normal_3_28	TRUE	49	13	41	12	41	12	1
AT4G01370	AT1G08590	-	1	1	3	3	normal_3_3	normal_3_42	TRUE	49	10	41	9	41	9	1
AT4G01370	AT3G51740	-	1	1	3	3	normal_3_3	normal_3_27	TRUE	49	18	41	17	41	17	1
AT4G01370	AT1G72300	-	1	1	3	3	normal_3_3	normal_3_37	TRUE	49	25	41	24	41	24	1
AT4G01370	AT3G02130	-	1	1	3	3	normal_3_3	normal_3_7	TRUE	49	28	41	27	41	27	1
AT4G01370	AT3G28040	-	1	1	3	3	normal_3_3	normal_3_25	TRUE	49	16	41	15	41	15	1
AT4G01370	AT3G56400	-	1	3	3	2	normal_3_3	starNet_2_51	FALSE	49	6	41	4	41	4	1
AT4G01370	AT1G66340	-	1	3	3	2	normal_3_3	starNet_2_4	FALSE	49	20	41	14	41	14	1
AT3G45640	AT1G10210	-	1	1	3	3	normal_3_4	normal_3_2	TRUE	42	43	41	41	41	41	1
AT3G45640	AT2G40860	-	1	1	3	3	normal_3_4	normal_3_5	TRUE	42	44	41	42	41	42	1
AT3G45640	AT2G43790	-	1	1	3	3	normal_3_4	normal_3_1	TRUE	42	46	41	42	41	42	1
AT3G45640	AT2G24130	-	1	1	3	3	normal_3_4	normal_3_18	TRUE	42	16	41	15	41	15	1
AT3G45640	AT1G62950	-	1	1	3	3	normal_3_4	normal_3_20	TRUE	42	16	41	15	41	15	1
AT3G45640	AT1G64280	-	1	3	3	2	normal_3_4	starNet_2_6	FALSE	42	92	41	47	41	47	1
AT3G45640	AT2G26330	-	1	1	3	3	normal_3_4	normal_3_9	TRUE	42	15	41	13	41	13	1
AT3G45640	AT1G73080	-	1	1	3	3	normal_3_4	normal_3_17	TRUE	42	17	41	15	41	15	1
AT3G45640	AT1G17750	-	1	1	3	3	normal_3_4	normal_3_28	TRUE	42	13	41	12	41	12	1
AT3G45640	AT1G09970	-	1	1	3	3	normal_3_4	normal_3_24	TRUE	42	11	41	10	41	10	1
AT3G45640	AT3G13380	-	1	1	3	3	normal_3_4	normal_3_10	TRUE	42	15	41	14	41	14	1
AT3G45640	AT3G02130	-	1	1	3	3	normal_3_4	normal_3_7	TRUE	42	28	41	27	41	27	1
AT3G45640	AT1G55610	-	1	1	3	3	normal_3_4	normal_3_11	TRUE	42	14	41	13	41	13	1
AT3G45640	AT1G74360	-	1	1	3	3	normal_3_4	normal_3_36	TRUE	42	18	41	17	41	17	1
AT3G45640	AT1G72300	-	1	1	3	3	normal_3_4	normal_3_37	TRUE	42	25	41	24	41	24	1
AT3G45640	AT1G75640	-	1	1	3	3	normal_3_4	normal_3_40	TRUE	42	21	41	20	41	20	1
AT3G45640	AT1G08590	-	1	1	3	3	normal_3_4	normal_3_42	TRUE	42	10	41	9	41	9	1
AT3G45640	AT3G28040	-	1	1	3	3	normal_3_4	normal_3_25	TRUE	42	16	41	15	41	15	1
AT4G16890	AT4G12560	-	3	3	2	2	starNet_2_27	starNet_2_28	TRUE	5	6	5	6	5	6	1
AT4G16890	AT3G48090	-	3	3	2	2	starNet_2_27	starNet_2_19	TRUE	5	22	5	20	5	20	1
AT4G16890	AT1G64280	-	3	3	2	2	starNet_2_27	starNet_2_6	TRUE	5	92	5	47	5	47	1
AT4G16890	AT3G52430	-	3	3	2	2	starNet_2_27	starNet_2_22	TRUE	5	24	5	22	5	22	1
AT4G12560	AT1G64280	-	3	3	2	2	starNet_2_28	starNet_2_6	TRUE	6	92	6	47	6	47	1
AT4G12560	AT3G52430	-	3	3	2	2	starNet_2_28	starNet_2_22	TRUE	6	24	6	22	6	22	1
AT4G12560	AT3G48090	-	3	3	2	2	starNet_2_28	starNet_2_19	TRUE	6	22	6	20	6	20	1
AT4G12560	AT3G51800	-	3	3	2	2	starNet_2_28	starNet_2_52	TRUE	6	3	6	3	6	3	1
AT5G44420	AT1G64280	-	3	3	2	2	starNet_2_29	starNet_2_6	TRUE	29	92	27	47	27	47	1
AT5G44420	AT2G39940	-	3	3	2	2	starNet_2_29	starNet_2_24	TRUE	29	18	27	17	27	17	1
AT5G44420	AT1G75040	-	3	3	2	2	starNet_2_29	starNet_2_21	TRUE	29	16	27	15	27	15	1
AT5G44420	AT3G12500	-	3	3	2	2	starNet_2_29	starNet_2_31	TRUE	29	9	27	9	27	9	1
AT5G44420	AT5G24770	-	3	3	2	2	starNet_2_29	starNet_2_38	TRUE	29	5	27	5	27	5	1
AT5G44420	AT1G06160	-	3	3	2	2	starNet_2_29	starNet_2_45	TRUE	29	2	27	2	27	2	1
AT5G44420	AT2G46370	-	3	3	2	2	starNet_2_29	starNet_2_30	TRUE	29	13	27	12	27	12	1
AT5G44420	AT3G04720	-	3	3	2	2	starNet_2_29	starNet_2_33	TRUE	29	5	27	5	27	5	1
AT5G44420	AT1G66340	-	3	3	2	2	starNet_2_29	starNet_2_4	TRUE	29	20	27	14	27	14	1
AT5G44420	AT1G72260	-	3	3	2	2	starNet_2_29	starNet_2_48	TRUE	29	2	27	2	27	2	1
AT5G44420	AT1G74710	-	3	2	2	1	starNet_2_29	normal_1_25	FALSE	29	52	27	31	27	31	1
AT5G44420	AT1G32640	-	3	3	2	2	starNet_2_29	starNet_2_25	TRUE	29	11	27	10	27	10	1
AT5G44420	AT5G03280	-	3	3	2	2	starNet_2_29	starNet_2_3	TRUE	29	14	27	12	27	12	1
AT5G44420	AT3G57260	-	3	3	2	2	starNet_2_29	starNet_2_20	TRUE	29	15	27	14	27	14	1
AT5G44420	AT2G14610	-	3	3	2	2	starNet_2_29	starNet_2_49	TRUE	29	6	27	5	27	5	1
AT5G44420	AT3G52430	-	3	3	2	2	starNet_2_29	starNet_2_22	TRUE	29	24	27	22	27	22	1
AT5G44420	AT4G01370	-	3	1	2	3	starNet_2_29	normal_3_3	FALSE	29	49	27	41	27	41	1
AT5G44420	AT1G51590	-	3	3	2	2	starNet_2_29	starNet_2_53	TRUE	29	6	27	5	27	5	1
AT5G44420	AT5G24780	-	3	3	2	2	starNet_2_29	starNet_2_60	TRUE	29	2	27	2	27	2	1
AT5G44420	AT3G23240	-	3	3	2	2	starNet_2_29	starNet_2_13	TRUE	29	6	27	6	27	6	1
AT5G44420	AT3G45140	-	3	3	2	2	starNet_2_29	starNet_2_12	TRUE	29	6	27	6	27	6	1
AT5G44420	AT4G39030	-	3	3	2	2	starNet_2_29	starNet_2_26	TRUE	29	11	27	10	27	10	1
AT5G44420	AT3G16770	-	3	3	2	2	starNet_2_29	starNet_2_39	TRUE	29	3	27	3	27	3	1
AT5G44420	AT4G17880	-	3	3	2	2	starNet_2_29	starNet_2_61	TRUE	29	4	27	4	27	4	1
AT5G44420	AT3G48090	-	3	3	2	2	starNet_2_29	starNet_2_19	TRUE	29	22	27	20	27	20	1
AT5G44420	AT3G56400	-	3	3	2	2	starNet_2_29	starNet_2_51	TRUE	29	6	27	4	27	4	1
AT5G44420	AT3G26830	-	3	3	2	2	starNet_2_29	starNet_2_44	TRUE	29	5	27	3	27	3	1
AT5G44420	AT3G20770	-	3	3	2	2	starNet_2_29	starNet_2_7	TRUE	29	8	27	7	27	7	1
AT2G46370	AT2G39940	-	3	3	2	2	starNet_2_30	starNet_2_24	TRUE	13	18	12	17	12	17	1
AT2G46370	AT1G64280	-	3	3	2	2	starNet_2_30	starNet_2_6	TRUE	13	92	12	47	12	47	1
AT2G46370	AT1G32640	-	3	3	2	2	starNet_2_30	starNet_2_25	TRUE	13	11	12	10	12	10	1
AT2G46370	AT1G74710	-	3	2	2	1	starNet_2_30	normal_1_25	FALSE	13	52	12	31	12	31	1
AT2G46370	AT1G66340	-	3	3	2	2	starNet_2_30	starNet_2_4	TRUE	13	20	12	14	12	14	1
AT2G46370	AT1G75040	-	3	3	2	2	starNet_2_30	starNet_2_21	TRUE	13	16	12	15	12	15	1
AT3G12500	AT3G04720	-	3	3	2	2	starNet_2_31	starNet_2_33	TRUE	9	5	9	5	9	5	1
AT3G12500	AT1G75040	-	3	3	2	2	starNet_2_31	starNet_2_21	TRUE	9	16	9	15	9	15	1
AT3G12500	AT1G66340	-	3	3	2	2	starNet_2_31	starNet_2_4	TRUE	9	20	9	14	9	14	1
AT3G12500	AT1G51590	-	3	3	2	2	starNet_2_31	starNet_2_53	TRUE	9	6	9	5	9	5	1
AT3G12500	AT1G64280	-	3	3	2	2	starNet_2_31	starNet_2_6	TRUE	9	92	9	47	9	47	1
AT2G30970	AT1G15710	-	2	2	1	1	normal_1_26	normal_1_9	TRUE	18	20	18	20	18	20	1
AT2G30970	AT2G24850	-	2	2	1	1	normal_1_26	normal_1_23	TRUE	18	29	18	29	18	29	1
AT2G30970	AT2G22250	-	2	2	1	1	normal_1_26	normal_1_8	TRUE	18	21	18	21	18	21	1
AT2G30970	AT1G62800	-	2	2	1	1	normal_1_26	normal_1_29	TRUE	18	18	18	18	18	18	1
AT2G30970	AT1G18870	-	2	2	1	1	normal_1_26	normal_1_18	TRUE	18	29	18	29	18	29	1
AT2G30970	AT1G68890	-	2	2	1	1	normal_1_26	normal_1_17	TRUE	18	29	18	29	18	29	1
AT2G30970	AT1G74710	-	2	2	1	1	normal_1_26	normal_1_25	TRUE	18	52	18	31	18	31	1
AT4G31990	AT1G15710	-	2	2	1	1	normal_1_27	normal_1_9	TRUE	18	20	18	20	18	20	1
AT4G31990	AT2G22250	-	2	2	1	1	normal_1_27	normal_1_8	TRUE	18	21	18	21	18	21	1
AT4G31990	AT4G28420	-	2	2	1	1	normal_1_27	normal_1_15	TRUE	18	29	18	29	18	29	1
AT4G31990	AT4G23590	-	2	2	1	1	normal_1_27	normal_1_21	TRUE	18	29	18	29	18	29	1
AT4G31990	AT4G23600	-	2	2	1	1	normal_1_27	normal_1_22	TRUE	18	29	18	29	18	29	1
AT4G31990	AT2G24850	-	2	2	1	1	normal_1_27	normal_1_23	TRUE	18	29	18	29	18	29	1
AT4G31990	AT4G28410	-	2	2	1	1	normal_1_27	normal_1_16	TRUE	18	29	18	29	18	29	1
AT4G31990	AT2G30970	-	2	2	1	1	normal_1_27	normal_1_26	TRUE	18	18	18	18	18	18	1
AT4G31990	AT1G62800	-	2	2	1	1	normal_1_27	normal_1_29	TRUE	18	18	18	18	18	18	1
AT4G31990	AT1G74710	-	2	2	1	1	normal_1_27	normal_1_25	TRUE	18	52	18	31	18	31	1
AT4G31990	AT1G18870	-	2	2	1	1	normal_1_27	normal_1_18	TRUE	18	29	18	29	18	29	1
AT4G31990	AT1G68890	-	2	2	1	1	normal_1_27	normal_1_17	TRUE	18	29	18	29	18	29	1
AT5G19550	AT1G15710	-	2	2	1	1	normal_1_28	normal_1_9	TRUE	18	20	18	20	18	20	1
AT5G19550	AT2G22250	-	2	2	1	1	normal_1_28	normal_1_8	TRUE	18	21	18	21	18	21	1
AT5G19550	AT4G23600	-	2	2	1	1	normal_1_28	normal_1_22	TRUE	18	29	18	29	18	29	1
AT5G19550	AT4G28420	-	2	2	1	1	normal_1_28	normal_1_15	TRUE	18	29	18	29	18	29	1
AT5G19550	AT2G24850	-	2	2	1	1	normal_1_28	normal_1_23	TRUE	18	29	18	29	18	29	1
AT5G19550	AT4G28410	-	2	2	1	1	normal_1_28	normal_1_16	TRUE	18	29	18	29	18	29	1
AT5G19550	AT4G23590	-	2	2	1	1	normal_1_28	normal_1_21	TRUE	18	29	18	29	18	29	1
AT5G19550	AT5G10330	-	2	2	1	1	normal_1_28	normal_1_20	TRUE	18	18	18	18	18	18	1
AT5G19550	AT4G31990	-	2	2	1	1	normal_1_28	normal_1_27	TRUE	18	18	18	18	18	18	1
AT5G19550	AT2G30970	-	2	2	1	1	normal_1_28	normal_1_26	TRUE	18	18	18	18	18	18	1
AT5G19550	AT1G62800	-	2	2	1	1	normal_1_28	normal_1_29	TRUE	18	18	18	18	18	18	1
AT5G19550	AT5G11520	-	2	2	1	1	normal_1_28	normal_1_30	TRUE	18	18	18	18	18	18	1
AT5G19550	AT1G68890	-	2	2	1	1	normal_1_28	normal_1_17	TRUE	18	29	18	29	18	29	1
AT5G19550	AT1G74710	-	2	2	1	1	normal_1_28	normal_1_25	TRUE	18	52	18	31	18	31	1
AT5G19550	AT1G18870	-	2	2	1	1	normal_1_28	normal_1_18	TRUE	18	29	18	29	18	29	1
AT1G62800	AT1G15710	-	2	2	1	1	normal_1_29	normal_1_9	TRUE	18	20	18	20	18	20	1
AT1G62800	AT1G18870	-	2	2	1	1	normal_1_29	normal_1_18	TRUE	18	29	18	29	18	29	1
AT5G11520	AT1G15710	-	2	2	1	1	normal_1_30	normal_1_9	TRUE	18	20	18	20	18	20	1
AT5G11520	AT4G23600	-	2	2	1	1	normal_1_30	normal_1_22	TRUE	18	29	18	29	18	29	1
AT5G11520	AT2G24850	-	2	2	1	1	normal_1_30	normal_1_23	TRUE	18	29	18	29	18	29	1
AT5G11520	AT4G28420	-	2	2	1	1	normal_1_30	normal_1_15	TRUE	18	29	18	29	18	29	1
AT5G11520	AT4G28410	-	2	2	1	1	normal_1_30	normal_1_16	TRUE	18	29	18	29	18	29	1
AT5G11520	AT4G23590	-	2	2	1	1	normal_1_30	normal_1_21	TRUE	18	29	18	29	18	29	1
AT5G11520	AT2G22250	-	2	2	1	1	normal_1_30	normal_1_8	TRUE	18	21	18	21	18	21	1
AT5G11520	AT5G10330	-	2	2	1	1	normal_1_30	normal_1_20	TRUE	18	18	18	18	18	18	1
AT5G11520	AT4G31990	-	2	2	1	1	normal_1_30	normal_1_27	TRUE	18	18	18	18	18	18	1
AT5G11520	AT2G30970	-	2	2	1	1	normal_1_30	normal_1_26	TRUE	18	18	18	18	18	18	1
AT5G11520	AT1G62800	-	2	2	1	1	normal_1_30	normal_1_29	TRUE	18	18	18	18	18	18	1
AT5G11520	AT1G74710	-	2	2	1	1	normal_1_30	normal_1_25	TRUE	18	52	18	31	18	31	1
AT5G11520	AT1G68890	-	2	2	1	1	normal_1_30	normal_1_17	TRUE	18	29	18	29	18	29	1
AT5G11520	AT1G18870	-	2	2	1	1	normal_1_30	normal_1_18	TRUE	18	29	18	29	18	29	1
AT2G40860	AT1G10210	-	1	1	3	3	normal_3_5	normal_3_2	TRUE	44	43	42	41	42	41	1
AT2G40860	AT1G64280	-	1	3	3	2	normal_3_5	starNet_2_6	FALSE	44	92	42	47	42	47	1
AT2G40860	AT1G75640	-	1	1	3	3	normal_3_5	normal_3_40	TRUE	44	21	42	20	42	20	1
AT2G40860	AT1G08590	-	1	1	3	3	normal_3_5	normal_3_42	TRUE	44	10	42	9	42	9	1
AT2G40860	AT1G74360	-	1	1	3	3	normal_3_5	normal_3_36	TRUE	44	18	42	17	42	17	1
AT2G40860	AT1G55610	-	1	1	3	3	normal_3_5	normal_3_11	TRUE	44	14	42	13	42	13	1
AT2G40860	AT1G17750	-	1	1	3	3	normal_3_5	normal_3_28	TRUE	44	13	42	12	42	12	1
AT2G40860	AT1G62950	-	1	1	3	3	normal_3_5	normal_3_20	TRUE	44	16	42	15	42	15	1
AT2G40860	AT2G24130	-	1	1	3	3	normal_3_5	normal_3_18	TRUE	44	16	42	15	42	15	1
AT2G40860	AT1G73080	-	1	1	3	3	normal_3_5	normal_3_17	TRUE	44	17	42	15	42	15	1
AT2G40860	AT2G26330	-	1	1	3	3	normal_3_5	normal_3_9	TRUE	44	15	42	13	42	13	1
AT2G40860	AT1G72300	-	1	1	3	3	normal_3_5	normal_3_37	TRUE	44	25	42	24	42	24	1
AT2G40860	AT1G09970	-	1	1	3	3	normal_3_5	normal_3_24	TRUE	44	11	42	10	42	10	1
AT4G37460	AT3G48090	-	3	3	2	2	starNet_2_32	starNet_2_19	TRUE	5	22	4	20	4	20	1
AT4G37460	AT4G16890	-	3	3	2	2	starNet_2_32	starNet_2_27	TRUE	5	5	4	5	4	5	1
AT4G37460	AT3G52430	-	3	3	2	2	starNet_2_32	starNet_2_22	TRUE	5	24	4	22	4	22	1
AT4G37460	AT2G40860	-	3	1	2	3	starNet_2_32	normal_3_5	FALSE	5	44	4	42	4	42	1
AT4G37460	AT3G07040	-	3	3	2	2	starNet_2_32	starNet_2_2	TRUE	5	11	4	9	4	9	1
AT5G65700	AT3G02130	-	1	1	3	3	normal_3_6	normal_3_7	TRUE	14	28	13	27	13	27	1
AT5G65700	AT5G54610	-	1	1	3	3	normal_3_6	normal_3_12	TRUE	14	39	13	38	13	38	1
AT5G65700	AT1G64280	-	1	3	3	2	normal_3_6	starNet_2_6	FALSE	14	92	13	47	13	47	1
AT5G65700	AT2G40860	-	1	1	3	3	normal_3_6	normal_3_5	TRUE	14	44	13	42	13	42	1
AT5G65700	AT2G43790	-	1	1	3	3	normal_3_6	normal_3_1	TRUE	14	46	13	42	13	42	1
AT5G65700	AT4G01370	-	1	1	3	3	normal_3_6	normal_3_3	TRUE	14	49	13	41	13	41	1
AT5G65700	AT1G10210	-	1	1	3	3	normal_3_6	normal_3_2	TRUE	14	43	13	41	13	41	1
AT5G65700	AT3G45640	-	1	1	3	3	normal_3_6	normal_3_4	TRUE	14	42	13	41	13	41	1
AT5G65700	AT3G51740	-	1	1	3	3	normal_3_6	normal_3_27	TRUE	14	18	13	17	13	17	1
AT5G65700	AT3G15220	-	1	1	3	3	normal_3_6	normal_3_30	TRUE	14	40	13	38	13	38	1
AT5G65700	AT5G37450	-	1	1	3	3	normal_3_6	normal_3_44	TRUE	14	43	13	42	13	42	1
AT5G65700	AT5G49770	-	1	1	3	3	normal_3_6	normal_3_35	TRUE	14	40	13	39	13	39	1
AT5G65700	AT3G28040	-	1	1	3	3	normal_3_6	normal_3_25	TRUE	14	16	13	15	13	15	1
AT5G65700	AT5G07280	-	1	1	3	3	normal_3_6	normal_3_39	TRUE	14	14	13	13	13	13	1
AT3G02130	AT1G64280	-	1	3	3	2	normal_3_7	starNet_2_6	FALSE	28	92	27	47	27	47	1
AT3G02130	AT2G40860	-	1	1	3	3	normal_3_7	normal_3_5	TRUE	28	44	27	42	27	42	1
AT3G02130	AT1G10210	-	1	1	3	3	normal_3_7	normal_3_2	TRUE	28	43	27	41	27	41	1
AT3G02130	AT1G74360	-	1	1	3	3	normal_3_7	normal_3_36	TRUE	28	18	27	17	27	17	1
AT3G02130	AT2G43790	-	1	1	3	3	normal_3_7	normal_3_1	TRUE	28	46	27	42	27	42	1
AT3G02130	AT1G75640	-	1	1	3	3	normal_3_7	normal_3_40	TRUE	28	21	27	20	27	20	1
AT3G02130	AT1G72300	-	1	1	3	3	normal_3_7	normal_3_37	TRUE	28	25	27	24	27	24	1
AT3G02130	AT2G24130	-	1	1	3	3	normal_3_7	normal_3_18	TRUE	28	16	27	15	27	15	1
AT3G04720	AT1G75040	-	3	3	2	2	starNet_2_33	starNet_2_21	TRUE	5	16	5	15	5	15	1
AT3G04720	AT1G66340	-	3	3	2	2	starNet_2_33	starNet_2_4	TRUE	5	20	5	14	5	14	1
AT3G25882	AT1G09415	-	3	3	2	2	starNet_2_34	starNet_2_35	TRUE	3	3	3	3	3	3	1
AT3G25882	AT1G64280	-	3	3	2	2	starNet_2_34	starNet_2_6	TRUE	3	92	3	47	3	47	1
AT3G25882	AT1G02450	-	3	3	2	2	starNet_2_34	starNet_2_42	TRUE	3	5	3	5	3	5	1
AT1G09415	AT1G02450	-	3	3	2	2	starNet_2_35	starNet_2_42	TRUE	3	5	3	5	3	5	1
AT5G51700	AT3G48090	-	3	3	2	2	starNet_2_36	starNet_2_19	TRUE	7	22	7	20	7	20	1
AT5G51700	AT3G07040	-	3	3	2	2	starNet_2_36	starNet_2_2	TRUE	7	11	7	9	7	9	1
AT5G51700	AT3G20600	-	3	3	2	2	starNet_2_36	starNet_2_17	TRUE	7	10	7	9	7	9	1
AT5G51700	AT3G25070	-	3	3	2	2	starNet_2_36	starNet_2_1	TRUE	7	8	7	6	7	6	1
AT5G51700	AT1G72930	-	3	3	2	2	starNet_2_36	starNet_2_23	TRUE	7	7	7	7	7	7	1
AT5G51700	AT1G64280	-	3	3	2	2	starNet_2_36	starNet_2_6	TRUE	7	92	7	47	7	47	1
AT5G51700	AT3G52430	-	3	3	2	2	starNet_2_36	starNet_2_22	TRUE	7	24	7	22	7	22	1
AT5G20480	AT1G64280	-	1	3	3	2	normal_3_8	starNet_2_6	FALSE	23	92	20	47	20	47	1
AT5G20480	AT4G01370	-	1	1	3	3	normal_3_8	normal_3_3	TRUE	23	49	20	41	20	41	1
AT5G20480	AT3G15220	-	1	1	3	3	normal_3_8	normal_3_30	TRUE	23	40	20	38	20	38	1
AT5G20480	AT2G40860	-	1	1	3	3	normal_3_8	normal_3_5	TRUE	23	44	20	42	20	42	1
AT5G20480	AT2G43790	-	1	1	3	3	normal_3_8	normal_3_1	TRUE	23	46	20	42	20	42	1
AT5G20480	AT1G10210	-	1	1	3	3	normal_3_8	normal_3_2	TRUE	23	43	20	41	20	41	1
AT5G20480	AT3G45640	-	1	1	3	3	normal_3_8	normal_3_4	TRUE	23	42	20	41	20	41	1
AT5G20480	AT4G39400	-	1	1	3	3	normal_3_8	normal_3_14	TRUE	23	21	20	19	20	19	1
AT5G20480	AT1G73080	-	1	1	3	3	normal_3_8	normal_3_17	TRUE	23	17	20	15	20	15	1
AT5G20480	AT3G07040	-	1	3	3	2	normal_3_8	starNet_2_2	FALSE	23	11	20	9	20	9	1
AT5G20480	AT3G25070	-	1	3	3	2	normal_3_8	starNet_2_1	FALSE	23	8	20	6	20	6	1
AT5G20480	AT1G17750	-	1	1	3	3	normal_3_8	normal_3_28	TRUE	23	13	20	12	20	12	1
AT5G20480	AT1G55610	-	1	1	3	3	normal_3_8	normal_3_11	TRUE	23	14	20	13	20	13	1
AT5G20480	AT3G02130	-	1	1	3	3	normal_3_8	normal_3_7	TRUE	23	28	20	27	20	27	1
AT5G20480	AT3G13380	-	1	1	3	3	normal_3_8	normal_3_10	TRUE	23	15	20	14	20	14	1
AT5G20480	AT1G62950	-	1	1	3	3	normal_3_8	normal_3_20	TRUE	23	16	20	15	20	15	1
AT5G20480	AT4G20140	-	1	1	3	3	normal_3_8	normal_3_34	TRUE	23	14	20	13	20	13	1
AT5G20480	AT3G51740	-	1	1	3	3	normal_3_8	normal_3_27	TRUE	23	18	20	17	20	17	1
AT2G43570	AT1G66340	-	3	3	2	2	starNet_2_37	starNet_2_4	TRUE	3	20	3	14	3	14	1
AT2G43570	AT1G75040	-	3	3	2	2	starNet_2_37	starNet_2_21	TRUE	3	16	3	15	3	15	1
AT5G24770	AT1G32640	-	3	3	2	2	starNet_2_38	starNet_2_25	TRUE	5	11	5	10	5	10	1
AT5G24770	AT2G39940	-	3	3	2	2	starNet_2_38	starNet_2_24	TRUE	5	18	5	17	5	17	1
AT5G24770	AT3G45140	-	3	3	2	2	starNet_2_38	starNet_2_12	TRUE	5	6	5	6	5	6	1
AT2G26330	AT1G64280	-	1	3	3	2	normal_3_9	starNet_2_6	FALSE	15	92	13	47	13	47	1
AT2G26330	AT1G66340	-	1	3	3	2	normal_3_9	starNet_2_4	FALSE	15	20	13	14	13	14	1
AT2G26330	AT1G10210	-	1	1	3	3	normal_3_9	normal_3_2	TRUE	15	43	13	41	13	41	1
AT2G26330	AT1G75640	-	1	1	3	3	normal_3_9	normal_3_40	TRUE	15	21	13	20	13	20	1
AT3G16770	AT1G66340	-	3	3	2	2	starNet_2_39	starNet_2_4	TRUE	3	20	3	14	3	14	1
AT5G64930	AT4G12560	-	3	3	2	2	starNet_2_40	starNet_2_28	TRUE	10	6	9	6	9	6	1
AT5G64930	AT1G64280	-	3	3	2	2	starNet_2_40	starNet_2_6	TRUE	10	92	9	47	9	47	1
AT5G64930	AT3G51800	-	3	3	2	2	starNet_2_40	starNet_2_52	TRUE	10	3	9	3	9	3	1
AT5G64930	AT1G75040	-	3	3	2	2	starNet_2_40	starNet_2_21	TRUE	10	16	9	15	9	15	1
AT5G64930	AT4G39030	-	3	3	2	2	starNet_2_40	starNet_2_26	TRUE	10	11	9	10	9	10	1
AT5G64930	AT3G52430	-	3	3	2	2	starNet_2_40	starNet_2_22	TRUE	10	24	9	22	9	22	1
AT5G64930	AT3G48090	-	3	3	2	2	starNet_2_40	starNet_2_19	TRUE	10	22	9	20	9	20	1
AT5G64930	AT1G74710	-	3	2	2	1	starNet_2_40	normal_1_25	FALSE	10	52	9	31	9	31	1
AT5G64930	AT5G44420	-	3	3	2	2	starNet_2_40	starNet_2_29	TRUE	10	29	9	27	9	27	1
AT5G64930	AT2G46370	-	3	3	2	2	starNet_2_40	starNet_2_30	TRUE	10	13	9	12	9	12	1
AT1G45145	AT1G28480	-	3	3	2	2	starNet_2_41	starNet_2_43	TRUE	3	4	2	4	2	4	1
AT3G13380	AT1G55610	-	1	1	3	3	normal_3_10	normal_3_11	TRUE	15	14	14	13	14	13	1
AT3G13380	AT1G64280	-	1	3	3	2	normal_3_10	starNet_2_6	FALSE	15	92	14	47	14	47	1
AT3G13380	AT2G40860	-	1	1	3	3	normal_3_10	normal_3_5	TRUE	15	44	14	42	14	42	1
AT3G13380	AT2G43790	-	1	1	3	3	normal_3_10	normal_3_1	TRUE	15	46	14	42	14	42	1
AT3G13380	AT1G10210	-	1	1	3	3	normal_3_10	normal_3_2	TRUE	15	43	14	41	14	41	1
AT3G13380	AT1G73080	-	1	1	3	3	normal_3_10	normal_3_17	TRUE	15	17	14	15	14	15	1
AT3G13380	AT3G02130	-	1	1	3	3	normal_3_10	normal_3_7	TRUE	15	28	14	27	14	27	1
AT1G55610	AT1G10210	-	1	1	3	3	normal_3_11	normal_3_2	TRUE	14	43	13	41	13	41	1
AT5G54610	AT2G26330	-	1	1	3	3	normal_3_12	normal_3_9	TRUE	39	15	38	13	38	13	1
AT5G54610	AT4G39400	-	1	1	3	3	normal_3_12	normal_3_14	TRUE	39	21	38	19	38	19	1
AT5G54610	AT5G20480	-	1	1	3	3	normal_3_12	normal_3_8	TRUE	39	23	38	20	38	20	1
AT5G54610	AT1G64280	-	1	3	3	2	normal_3_12	starNet_2_6	FALSE	39	92	38	47	38	47	1
AT5G54610	AT2G40860	-	1	1	3	3	normal_3_12	normal_3_5	TRUE	39	44	38	42	38	42	1
AT5G54610	AT5G07180	-	1	1	3	3	normal_3_12	normal_3_31	TRUE	39	14	38	13	38	13	1
AT5G54610	AT3G49670	-	1	1	3	3	normal_3_12	normal_3_33	TRUE	39	12	38	11	38	11	1
AT5G54610	AT3G51740	-	1	1	3	3	normal_3_12	normal_3_27	TRUE	39	18	38	17	38	17	1
AT5G54610	AT5G46330	-	1	1	3	3	normal_3_12	normal_3_13	TRUE	39	15	38	12	38	12	1
AT5G54610	AT4G20140	-	1	1	3	3	normal_3_12	normal_3_34	TRUE	39	14	38	13	38	13	1
AT5G54610	AT5G49770	-	1	1	3	3	normal_3_12	normal_3_35	TRUE	39	40	38	39	38	39	1
AT5G54610	AT1G74360	-	1	1	3	3	normal_3_12	normal_3_36	TRUE	39	18	38	17	38	17	1
AT5G54610	AT2G24130	-	1	1	3	3	normal_3_12	normal_3_18	TRUE	39	16	38	15	38	15	1
AT5G54610	AT5G53890	-	1	1	3	3	normal_3_12	normal_3_38	TRUE	39	11	38	10	38	10	1
AT5G54610	AT1G75640	-	1	1	3	3	normal_3_12	normal_3_40	TRUE	39	21	38	20	38	20	1
AT5G54610	AT3G47580	-	1	1	3	3	normal_3_12	normal_3_21	TRUE	39	13	38	12	38	12	1
AT5G54610	AT1G08590	-	1	1	3	3	normal_3_12	normal_3_42	TRUE	39	10	38	9	38	9	1
AT5G54610	AT1G73080	-	1	1	3	3	normal_3_12	normal_3_17	TRUE	39	17	38	15	38	15	1
AT5G54610	AT1G62950	-	1	1	3	3	normal_3_12	normal_3_20	TRUE	39	16	38	15	38	15	1
AT5G54610	AT4G36180	-	1	1	3	3	normal_3_12	normal_3_41	TRUE	39	10	38	9	38	9	1
AT5G54610	AT1G55610	-	1	1	3	3	normal_3_12	normal_3_11	TRUE	39	14	38	13	38	13	1
AT5G54610	AT1G17750	-	1	1	3	3	normal_3_12	normal_3_28	TRUE	39	13	38	12	38	12	1
AT5G54610	AT5G07280	-	1	1	3	3	normal_3_12	normal_3_39	TRUE	39	14	38	13	38	13	1
AT5G54610	AT3G02130	-	1	1	3	3	normal_3_12	normal_3_7	TRUE	39	28	38	27	38	27	1
AT5G54610	AT5G25930	-	1	1	3	3	normal_3_12	normal_3_26	TRUE	39	13	38	12	38	12	1
AT5G54610	AT3G47110	-	1	1	3	3	normal_3_12	normal_3_23	TRUE	39	14	38	13	38	13	1
AT5G54610	AT3G28040	-	1	1	3	3	normal_3_12	normal_3_25	TRUE	39	16	38	15	38	15	1
AT5G54610	AT1G09970	-	1	1	3	3	normal_3_12	normal_3_24	TRUE	39	11	38	10	38	10	1
AT5G54610	AT3G47090	-	1	1	3	3	normal_3_12	normal_3_22	TRUE	39	14	38	13	38	13	1
AT5G54610	AT3G47570	-	1	1	3	3	normal_3_12	normal_3_19	TRUE	39	12	38	11	38	11	1
AT5G54610	AT5G44700	-	1	1	3	3	normal_3_12	normal_3_43	TRUE	39	13	38	12	38	12	1
AT5G54610	AT4G28650	-	1	1	3	3	normal_3_12	normal_3_45	TRUE	39	12	38	11	38	11	1
AT5G54610	AT1G72300	-	1	1	3	3	normal_3_12	normal_3_37	TRUE	39	25	38	24	38	24	1
AT5G54610	AT5G37450	-	1	1	3	3	normal_3_12	normal_3_44	TRUE	39	43	38	42	38	42	1
AT5G54610	AT3G13380	-	1	1	3	3	normal_3_12	normal_3_10	TRUE	39	15	38	14	38	14	1
AT5G46330	AT1G10210	-	1	1	3	3	normal_3_13	normal_3_2	TRUE	15	43	12	41	12	41	1
AT5G46330	AT4G01370	-	1	1	3	3	normal_3_13	normal_3_3	TRUE	15	49	12	41	12	41	1
AT5G46330	AT3G25070	-	1	3	3	2	normal_3_13	starNet_2_1	FALSE	15	8	12	6	12	6	1
AT5G46330	AT1G64280	-	1	3	3	2	normal_3_13	starNet_2_6	FALSE	15	92	12	47	12	47	1
AT5G46330	AT2G40860	-	1	1	3	3	normal_3_13	normal_3_5	TRUE	15	44	12	42	12	42	1
AT5G46330	AT2G43790	-	1	1	3	3	normal_3_13	normal_3_1	TRUE	15	46	12	42	12	42	1
AT5G46330	AT3G07040	-	1	3	3	2	normal_3_13	starNet_2_2	FALSE	15	11	12	9	12	9	1
AT5G46330	AT3G45640	-	1	1	3	3	normal_3_13	normal_3_4	TRUE	15	42	12	41	12	41	1
AT5G46330	AT3G15220	-	1	1	3	3	normal_3_13	normal_3_30	TRUE	15	40	12	38	12	38	1
AT5G46330	AT4G39400	-	1	1	3	3	normal_3_13	normal_3_14	TRUE	15	21	12	19	12	19	1
AT5G46330	AT5G20480	-	1	1	3	3	normal_3_13	normal_3_8	TRUE	15	23	12	20	12	20	1
AT5G46330	AT5G37450	-	1	1	3	3	normal_3_13	normal_3_44	TRUE	15	43	12	42	12	42	1
AT5G46330	AT1G73080	-	1	1	3	3	normal_3_13	normal_3_17	TRUE	15	17	12	15	12	15	1
AT3G26830	AT1G74710	-	3	2	2	1	starNet_2_44	normal_1_25	FALSE	5	52	3	31	3	31	1
AT3G26830	AT1G64280	-	3	3	2	2	starNet_2_44	starNet_2_6	TRUE	5	92	3	47	3	47	1
AT4G39400	AT1G64280	-	1	3	3	2	normal_3_14	starNet_2_6	FALSE	21	92	19	47	19	47	1
AT4G39400	AT1G66340	-	1	3	3	2	normal_3_14	starNet_2_4	FALSE	21	20	19	14	19	14	1
AT4G39400	AT2G40860	-	1	1	3	3	normal_3_14	normal_3_5	TRUE	21	44	19	42	19	42	1
AT4G39400	AT2G43790	-	1	1	3	3	normal_3_14	normal_3_1	TRUE	21	46	19	42	19	42	1
AT4G39400	AT3G15220	-	1	1	3	3	normal_3_14	normal_3_30	TRUE	21	40	19	38	19	38	1
AT4G39400	AT3G45640	-	1	1	3	3	normal_3_14	normal_3_4	TRUE	21	42	19	41	19	41	1
AT4G39400	AT1G10210	-	1	1	3	3	normal_3_14	normal_3_2	TRUE	21	43	19	41	19	41	1
AT4G39400	AT4G01370	-	1	1	3	3	normal_3_14	normal_3_3	TRUE	21	49	19	41	19	41	1
AT4G39400	AT3G02130	-	1	1	3	3	normal_3_14	normal_3_7	TRUE	21	28	19	27	19	27	1
AT4G39400	AT1G73080	-	1	1	3	3	normal_3_14	normal_3_17	TRUE	21	17	19	15	19	15	1
AT4G39400	AT1G17750	-	1	1	3	3	normal_3_14	normal_3_28	TRUE	21	13	19	12	19	12	1
AT4G39400	AT2G26330	-	1	1	3	3	normal_3_14	normal_3_9	TRUE	21	15	19	13	19	13	1
AT4G39400	AT1G75640	-	1	1	3	3	normal_3_14	normal_3_40	TRUE	21	21	19	20	19	20	1
AT5G62230	AT2G26330	-	1	1	3	3	normal_3_15	normal_3_9	TRUE	13	15	12	13	12	13	1
AT5G62230	AT5G54610	-	1	1	3	3	normal_3_15	normal_3_12	TRUE	13	39	12	38	12	38	1
AT5G62230	AT1G64280	-	1	3	3	2	normal_3_15	starNet_2_6	FALSE	13	92	12	47	12	47	1
AT5G62230	AT2G40860	-	1	1	3	3	normal_3_15	normal_3_5	TRUE	13	44	12	42	12	42	1
AT5G62230	AT3G45640	-	1	1	3	3	normal_3_15	normal_3_4	TRUE	13	42	12	41	12	41	1
AT5G62230	AT2G43790	-	1	1	3	3	normal_3_15	normal_3_1	TRUE	13	46	12	42	12	42	1
AT5G62230	AT1G10210	-	1	1	3	3	normal_3_15	normal_3_2	TRUE	13	43	12	41	12	41	1
AT5G62230	AT3G15220	-	1	1	3	3	normal_3_15	normal_3_30	TRUE	13	40	12	38	12	38	1
AT5G62230	AT4G01370	-	1	1	3	3	normal_3_15	normal_3_3	TRUE	13	49	12	41	12	41	1
AT5G62230	AT3G51740	-	1	1	3	3	normal_3_15	normal_3_27	TRUE	13	18	12	17	12	17	1
AT5G62230	AT5G37450	-	1	1	3	3	normal_3_15	normal_3_44	TRUE	13	43	12	42	12	42	1
AT5G62230	AT3G02130	-	1	1	3	3	normal_3_15	normal_3_7	TRUE	13	28	12	27	12	27	1
AT5G62230	AT4G39400	-	1	1	3	3	normal_3_15	normal_3_14	TRUE	13	21	12	19	12	19	1
AT4G14110	AT1G26830	-	3	3	2	2	starNet_2_46	starNet_2_47	TRUE	3	2	3	2	3	2	1
AT4G14110	AT2G39940	-	3	3	2	2	starNet_2_46	starNet_2_24	TRUE	3	18	3	17	3	17	1
AT4G14110	AT1G64280	-	3	3	2	2	starNet_2_46	starNet_2_6	TRUE	3	92	3	47	3	47	1
AT2G14610	AT1G64280	-	3	3	2	2	starNet_2_49	starNet_2_6	TRUE	6	92	5	47	5	47	1
AT2G14610	AT1G75040	-	3	3	2	2	starNet_2_49	starNet_2_21	TRUE	6	16	5	15	5	15	1
AT2G14610	AT1G74710	-	3	2	2	1	starNet_2_49	normal_1_25	FALSE	6	52	5	31	5	31	1
AT4G16860	AT3G07040	-	3	3	2	2	starNet_2_50	starNet_2_2	TRUE	4	11	4	9	4	9	1
AT4G16860	AT3G48090	-	3	3	2	2	starNet_2_50	starNet_2_19	TRUE	4	22	4	20	4	20	1
AT4G16860	AT3G20600	-	3	3	2	2	starNet_2_50	starNet_2_17	TRUE	4	10	4	9	4	9	1
AT4G16860	AT1G64280	-	3	3	2	2	starNet_2_50	starNet_2_6	TRUE	4	92	4	47	4	47	1
AT3G56400	AT1G64280	-	3	3	2	2	starNet_2_51	starNet_2_6	TRUE	6	92	4	47	4	47	1
AT3G56400	AT3G48090	-	3	3	2	2	starNet_2_51	starNet_2_19	TRUE	6	22	4	20	4	20	1
AT3G56400	AT1G74710	-	3	2	2	1	starNet_2_51	normal_1_25	FALSE	6	52	4	31	4	31	1
AT3G56400	AT3G52430	-	3	3	2	2	starNet_2_51	starNet_2_22	TRUE	6	24	4	22	4	22	1
AT3G51800	AT1G64280	-	3	3	2	2	starNet_2_52	starNet_2_6	TRUE	3	92	3	47	3	47	1
AT5G47910	AT5G20480	-	1	1	3	3	normal_3_16	normal_3_8	TRUE	5	23	3	20	3	20	1
AT5G47910	AT3G15220	-	1	1	3	3	normal_3_16	normal_3_30	TRUE	5	40	3	38	3	38	1
AT5G47910	AT2G43790	-	1	1	3	3	normal_3_16	normal_3_1	TRUE	5	46	3	42	3	42	1
AT5G47910	AT5G03280	-	1	3	3	2	normal_3_16	starNet_2_3	FALSE	5	14	3	12	3	12	1
AT5G47910	AT1G74710	-	1	2	3	1	normal_3_16	normal_1_25	FALSE	5	52	3	31	3	31	1
AT5G26920	AT1G74710	-	2	2	1	1	normal_1_31	normal_1_25	TRUE	1	52	1	31	1	31	1
AT1G68640	AT1G64280	-	3	3	2	2	starNet_2_54	starNet_2_6	TRUE	1	92	1	47	1	47	1
AT1G68880	AT1G64280	-	3	3	2	2	starNet_2_56	starNet_2_6	TRUE	5	92	5	47	5	47	1
AT1G68880	AT1G66340	-	3	3	2	2	starNet_2_56	starNet_2_4	TRUE	5	20	5	14	5	14	1
AT4G18470	AT1G64280	-	3	3	2	2	starNet_2_57	starNet_2_6	TRUE	1	92	1	47	1	47	1
AT1G73080	AT1G64280	-	1	3	3	2	normal_3_17	starNet_2_6	FALSE	17	92	15	47	15	47	1
AT1G73080	AT1G10210	-	1	1	3	3	normal_3_17	normal_3_2	TRUE	17	43	15	41	15	41	1
AT1G73080	AT1G45145	-	1	3	3	2	normal_3_17	starNet_2_41	FALSE	17	3	15	2	15	2	1
AT1G73080	AT1G72300	-	1	1	3	3	normal_3_17	normal_3_37	TRUE	17	25	15	24	15	24	1
AT1G73080	AT1G55610	-	1	1	3	3	normal_3_17	normal_3_11	TRUE	17	14	15	13	15	13	1
AT2G24130	AT1G10210	-	1	1	3	3	normal_3_18	normal_3_2	TRUE	16	43	15	41	15	41	1
AT2G24130	AT1G64280	-	1	3	3	2	normal_3_18	starNet_2_6	FALSE	16	92	15	47	15	47	1
AT2G24130	AT1G72300	-	1	1	3	3	normal_3_18	normal_3_37	TRUE	16	25	15	24	15	24	1
AT2G24130	AT1G62950	-	1	1	3	3	normal_3_18	normal_3_20	TRUE	16	16	15	15	15	15	1
AT2G24130	AT1G74360	-	1	1	3	3	normal_3_18	normal_3_36	TRUE	16	18	15	17	15	17	1
AT3G47570	AT2G43790	-	1	1	3	3	normal_3_19	normal_3_1	TRUE	12	46	11	42	11	42	1
AT3G47570	AT1G10210	-	1	1	3	3	normal_3_19	normal_3_2	TRUE	12	43	11	41	11	41	1
AT3G47570	AT3G45640	-	1	1	3	3	normal_3_19	normal_3_4	TRUE	12	42	11	41	11	41	1
AT3G47570	AT1G64280	-	1	3	3	2	normal_3_19	starNet_2_6	FALSE	12	92	11	47	11	47	1
AT3G47570	AT2G40860	-	1	1	3	3	normal_3_19	normal_3_5	TRUE	12	44	11	42	11	42	1
AT3G47570	AT3G15220	-	1	1	3	3	normal_3_19	normal_3_30	TRUE	12	40	11	38	11	38	1
AT3G47570	AT3G02130	-	1	1	3	3	normal_3_19	normal_3_7	TRUE	12	28	11	27	11	27	1
AT3G47570	AT1G62950	-	1	1	3	3	normal_3_19	normal_3_20	TRUE	12	16	11	15	11	15	1
AT1G62950	AT1G10210	-	1	1	3	3	normal_3_20	normal_3_2	TRUE	16	43	15	41	15	41	1
AT3G47580	AT1G10210	-	1	1	3	3	normal_3_21	normal_3_2	TRUE	13	43	12	41	12	41	1
AT3G47580	AT3G45640	-	1	1	3	3	normal_3_21	normal_3_4	TRUE	13	42	12	41	12	41	1
AT3G47580	AT1G64280	-	1	3	3	2	normal_3_21	starNet_2_6	FALSE	13	92	12	47	12	47	1
AT3G47580	AT2G40860	-	1	1	3	3	normal_3_21	normal_3_5	TRUE	13	44	12	42	12	42	1
AT3G47580	AT2G43790	-	1	1	3	3	normal_3_21	normal_3_1	TRUE	13	46	12	42	12	42	1
AT3G47580	AT3G15220	-	1	1	3	3	normal_3_21	normal_3_30	TRUE	13	40	12	38	12	38	1
AT3G47580	AT1G72300	-	1	1	3	3	normal_3_21	normal_3_37	TRUE	13	25	12	24	12	24	1
AT3G47580	AT1G62950	-	1	1	3	3	normal_3_21	normal_3_20	TRUE	13	16	12	15	12	15	1
AT3G47580	AT1G75640	-	1	1	3	3	normal_3_21	normal_3_40	TRUE	13	21	12	20	12	20	1
AT3G47090	AT2G43790	-	1	1	3	3	normal_3_22	normal_3_1	TRUE	14	46	13	42	13	42	1
AT3G47090	AT3G45640	-	1	1	3	3	normal_3_22	normal_3_4	TRUE	14	42	13	41	13	41	1
AT3G47090	AT1G64280	-	1	3	3	2	normal_3_22	starNet_2_6	FALSE	14	92	13	47	13	47	1
AT3G47090	AT2G40860	-	1	1	3	3	normal_3_22	normal_3_5	TRUE	14	44	13	42	13	42	1
AT3G47090	AT1G10210	-	1	1	3	3	normal_3_22	normal_3_2	TRUE	14	43	13	41	13	41	1
AT3G47090	AT3G15220	-	1	1	3	3	normal_3_22	normal_3_30	TRUE	14	40	13	38	13	38	1
AT3G47090	AT1G72300	-	1	1	3	3	normal_3_22	normal_3_37	TRUE	14	25	13	24	13	24	1
AT3G47090	AT1G62950	-	1	1	3	3	normal_3_22	normal_3_20	TRUE	14	16	13	15	13	15	1
AT3G47090	AT1G74360	-	1	1	3	3	normal_3_22	normal_3_36	TRUE	14	18	13	17	13	17	1
AT3G47090	AT3G02130	-	1	1	3	3	normal_3_22	normal_3_7	TRUE	14	28	13	27	13	27	1
AT3G47110	AT2G43790	-	1	1	3	3	normal_3_23	normal_3_1	TRUE	14	46	13	42	13	42	1
AT3G47110	AT1G10210	-	1	1	3	3	normal_3_23	normal_3_2	TRUE	14	43	13	41	13	41	1
AT3G47110	AT3G45640	-	1	1	3	3	normal_3_23	normal_3_4	TRUE	14	42	13	41	13	41	1
AT3G47110	AT1G64280	-	1	3	3	2	normal_3_23	starNet_2_6	FALSE	14	92	13	47	13	47	1
AT3G47110	AT2G40860	-	1	1	3	3	normal_3_23	normal_3_5	TRUE	14	44	13	42	13	42	1
AT3G47110	AT3G15220	-	1	1	3	3	normal_3_23	normal_3_30	TRUE	14	40	13	38	13	38	1
AT3G47110	AT1G72300	-	1	1	3	3	normal_3_23	normal_3_37	TRUE	14	25	13	24	13	24	1
AT3G47110	AT3G28040	-	1	1	3	3	normal_3_23	normal_3_25	TRUE	14	16	13	15	13	15	1
AT3G47110	AT1G74360	-	1	1	3	3	normal_3_23	normal_3_36	TRUE	14	18	13	17	13	17	1
AT3G28040	AT3G02130	-	1	1	3	3	normal_3_25	normal_3_7	TRUE	16	28	15	27	15	27	1
AT3G28040	AT1G64280	-	1	3	3	2	normal_3_25	starNet_2_6	FALSE	16	92	15	47	15	47	1
AT3G28040	AT2G40860	-	1	1	3	3	normal_3_25	normal_3_5	TRUE	16	44	15	42	15	42	1
AT3G28040	AT1G10210	-	1	1	3	3	normal_3_25	normal_3_2	TRUE	16	43	15	41	15	41	1
AT3G28040	AT2G43790	-	1	1	3	3	normal_3_25	normal_3_1	TRUE	16	46	15	42	15	42	1
AT3G28040	AT3G15220	-	1	1	3	3	normal_3_25	normal_3_30	TRUE	16	40	15	38	15	38	1
AT3G28040	AT1G72300	-	1	1	3	3	normal_3_25	normal_3_37	TRUE	16	25	15	24	15	24	1
AT3G28040	AT2G24130	-	1	1	3	3	normal_3_25	normal_3_18	TRUE	16	16	15	15	15	15	1
AT5G06839	AT1G64280	-	3	3	2	2	starNet_2_59	starNet_2_6	TRUE	1	92	1	47	1	47	1
AT5G25930	AT3G51740	-	1	1	3	3	normal_3_26	normal_3_27	TRUE	13	18	12	17	12	17	1
AT5G25930	AT3G49670	-	1	1	3	3	normal_3_26	normal_3_33	TRUE	13	12	12	11	12	11	1
AT5G25930	AT1G64280	-	1	3	3	2	normal_3_26	starNet_2_6	FALSE	13	92	12	47	12	47	1
AT5G25930	AT2G40860	-	1	1	3	3	normal_3_26	normal_3_5	TRUE	13	44	12	42	12	42	1
AT5G25930	AT4G01370	-	1	1	3	3	normal_3_26	normal_3_3	TRUE	13	49	12	41	12	41	1
AT5G25930	AT1G10210	-	1	1	3	3	normal_3_26	normal_3_2	TRUE	13	43	12	41	12	41	1
AT5G25930	AT2G43790	-	1	1	3	3	normal_3_26	normal_3_1	TRUE	13	46	12	42	12	42	1
AT5G25930	AT3G45640	-	1	1	3	3	normal_3_26	normal_3_4	TRUE	13	42	12	41	12	41	1
AT5G25930	AT3G15220	-	1	1	3	3	normal_3_26	normal_3_30	TRUE	13	40	12	38	12	38	1
AT5G25930	AT1G72300	-	1	1	3	3	normal_3_26	normal_3_37	TRUE	13	25	12	24	12	24	1
AT3G51740	AT1G64280	-	1	3	3	2	normal_3_27	starNet_2_6	FALSE	18	92	17	47	17	47	1
AT3G51740	AT2G40860	-	1	1	3	3	normal_3_27	normal_3_5	TRUE	18	44	17	42	17	42	1
AT3G51740	AT1G10210	-	1	1	3	3	normal_3_27	normal_3_2	TRUE	18	43	17	41	17	41	1
AT3G51740	AT3G45640	-	1	1	3	3	normal_3_27	normal_3_4	TRUE	18	42	17	41	17	41	1
AT3G51740	AT2G43790	-	1	1	3	3	normal_3_27	normal_3_1	TRUE	18	46	17	42	17	42	1
AT3G51740	AT3G15220	-	1	1	3	3	normal_3_27	normal_3_30	TRUE	18	40	17	38	17	38	1
AT3G51740	AT2G24130	-	1	1	3	3	normal_3_27	normal_3_18	TRUE	18	16	17	15	17	15	1
AT3G51740	AT3G47110	-	1	1	3	3	normal_3_27	normal_3_23	TRUE	18	14	17	13	17	13	1
AT5G24780	AT5G24770	-	3	3	2	2	starNet_2_60	starNet_2_38	TRUE	2	5	2	5	2	5	1
AT1G17750	AT1G10210	-	1	1	3	3	normal_3_28	normal_3_2	TRUE	13	43	12	41	12	41	1
AT5G63930	AT3G28040	-	1	1	3	3	normal_3_29	normal_3_25	TRUE	12	16	11	15	11	15	1
AT5G63930	AT3G02130	-	1	1	3	3	normal_3_29	normal_3_7	TRUE	12	28	11	27	11	27	1
AT5G63930	AT5G54610	-	1	1	3	3	normal_3_29	normal_3_12	TRUE	12	39	11	38	11	38	1
AT5G63930	AT1G64280	-	1	3	3	2	normal_3_29	starNet_2_6	FALSE	12	92	11	47	11	47	1
AT5G63930	AT2G40860	-	1	1	3	3	normal_3_29	normal_3_5	TRUE	12	44	11	42	11	42	1
AT5G63930	AT2G43790	-	1	1	3	3	normal_3_29	normal_3_1	TRUE	12	46	11	42	11	42	1
AT5G63930	AT1G10210	-	1	1	3	3	normal_3_29	normal_3_2	TRUE	12	43	11	41	11	41	1
AT5G63930	AT3G45640	-	1	1	3	3	normal_3_29	normal_3_4	TRUE	12	42	11	41	11	41	1
AT5G63930	AT4G01370	-	1	1	3	3	normal_3_29	normal_3_3	TRUE	12	49	11	41	11	41	1
AT5G63930	AT3G15220	-	1	1	3	3	normal_3_29	normal_3_30	TRUE	12	40	11	38	11	38	1
AT5G63930	AT5G37450	-	1	1	3	3	normal_3_29	normal_3_44	TRUE	12	43	11	42	11	42	1
AT5G63930	AT5G49770	-	1	1	3	3	normal_3_29	normal_3_35	TRUE	12	40	11	39	11	39	1
AT3G15220	AT2G26330	-	1	1	3	3	normal_3_30	normal_3_9	TRUE	40	15	38	13	38	13	1
AT3G15220	AT1G09970	-	1	1	3	3	normal_3_30	normal_3_24	TRUE	40	11	38	10	38	10	1
AT3G15220	AT1G73080	-	1	1	3	3	normal_3_30	normal_3_17	TRUE	40	17	38	15	38	15	1
AT3G15220	AT1G66340	-	1	3	3	2	normal_3_30	starNet_2_4	FALSE	40	20	38	14	38	14	1
AT3G15220	AT3G13380	-	1	1	3	3	normal_3_30	normal_3_10	TRUE	40	15	38	14	38	14	1
AT3G15220	AT1G72300	-	1	1	3	3	normal_3_30	normal_3_37	TRUE	40	25	38	24	38	24	1
AT3G15220	AT1G55610	-	1	1	3	3	normal_3_30	normal_3_11	TRUE	40	14	38	13	38	13	1
AT3G15220	AT1G17750	-	1	1	3	3	normal_3_30	normal_3_28	TRUE	40	13	38	12	38	12	1
AT3G15220	AT2G24130	-	1	1	3	3	normal_3_30	normal_3_18	TRUE	40	16	38	15	38	15	1
AT3G15220	AT1G75640	-	1	1	3	3	normal_3_30	normal_3_40	TRUE	40	21	38	20	38	20	1
AT3G15220	AT1G74360	-	1	1	3	3	normal_3_30	normal_3_36	TRUE	40	18	38	17	38	17	1
AT3G15220	AT1G08590	-	1	1	3	3	normal_3_30	normal_3_42	TRUE	40	10	38	9	38	9	1
AT3G15220	AT3G02130	-	1	1	3	3	normal_3_30	normal_3_7	TRUE	40	28	38	27	38	27	1
AT3G15220	AT1G62950	-	1	1	3	3	normal_3_30	normal_3_20	TRUE	40	16	38	15	38	15	1
AT3G15220	AT1G64280	-	1	3	3	2	normal_3_30	starNet_2_6	FALSE	40	92	38	47	38	47	1
AT5G07180	AT1G64280	-	1	3	3	2	normal_3_31	starNet_2_6	FALSE	14	92	13	47	13	47	1
AT5G07180	AT2G40860	-	1	1	3	3	normal_3_31	normal_3_5	TRUE	14	44	13	42	13	42	1
AT5G07180	AT3G45640	-	1	1	3	3	normal_3_31	normal_3_4	TRUE	14	42	13	41	13	41	1
AT5G07180	AT2G43790	-	1	1	3	3	normal_3_31	normal_3_1	TRUE	14	46	13	42	13	42	1
AT5G07180	AT1G10210	-	1	1	3	3	normal_3_31	normal_3_2	TRUE	14	43	13	41	13	41	1
AT5G07180	AT3G15220	-	1	1	3	3	normal_3_31	normal_3_30	TRUE	14	40	13	38	13	38	1
AT5G07180	AT4G01370	-	1	1	3	3	normal_3_31	normal_3_3	TRUE	14	49	13	41	13	41	1
AT5G07180	AT3G02130	-	1	1	3	3	normal_3_31	normal_3_7	TRUE	14	28	13	27	13	27	1
AT5G07180	AT4G39400	-	1	1	3	3	normal_3_31	normal_3_14	TRUE	14	21	13	19	13	19	1
AT5G07180	AT3G13380	-	1	1	3	3	normal_3_31	normal_3_10	TRUE	14	15	13	14	13	14	1
AT5G07180	AT1G55610	-	1	1	3	3	normal_3_31	normal_3_11	TRUE	14	14	13	13	13	13	1
AT5G65710	AT5G54610	-	1	1	3	3	normal_3_32	normal_3_12	TRUE	14	39	13	38	13	38	1
AT5G65710	AT1G64280	-	1	3	3	2	normal_3_32	starNet_2_6	FALSE	14	92	13	47	13	47	1
AT5G65710	AT2G40860	-	1	1	3	3	normal_3_32	normal_3_5	TRUE	14	44	13	42	13	42	1
AT5G65710	AT3G45640	-	1	1	3	3	normal_3_32	normal_3_4	TRUE	14	42	13	41	13	41	1
AT5G65710	AT2G43790	-	1	1	3	3	normal_3_32	normal_3_1	TRUE	14	46	13	42	13	42	1
AT5G65710	AT1G10210	-	1	1	3	3	normal_3_32	normal_3_2	TRUE	14	43	13	41	13	41	1
AT5G65710	AT3G15220	-	1	1	3	3	normal_3_32	normal_3_30	TRUE	14	40	13	38	13	38	1
AT5G65710	AT4G01370	-	1	1	3	3	normal_3_32	normal_3_3	TRUE	14	49	13	41	13	41	1
AT5G65710	AT5G37450	-	1	1	3	3	normal_3_32	normal_3_44	TRUE	14	43	13	42	13	42	1
AT5G65710	AT5G49770	-	1	1	3	3	normal_3_32	normal_3_35	TRUE	14	40	13	39	13	39	1
AT5G65710	AT3G51740	-	1	1	3	3	normal_3_32	normal_3_27	TRUE	14	18	13	17	13	17	1
AT5G65710	AT1G72300	-	1	1	3	3	normal_3_32	normal_3_37	TRUE	14	25	13	24	13	24	1
AT5G65710	AT1G75640	-	1	1	3	3	normal_3_32	normal_3_40	TRUE	14	21	13	20	13	20	1
AT5G65710	AT3G02130	-	1	1	3	3	normal_3_32	normal_3_7	TRUE	14	28	13	27	13	27	1
AT3G49670	AT1G64280	-	1	3	3	2	normal_3_33	starNet_2_6	FALSE	12	92	11	47	11	47	1
AT3G49670	AT2G40860	-	1	1	3	3	normal_3_33	normal_3_5	TRUE	12	44	11	42	11	42	1
AT3G49670	AT3G45640	-	1	1	3	3	normal_3_33	normal_3_4	TRUE	12	42	11	41	11	41	1
AT3G49670	AT2G43790	-	1	1	3	3	normal_3_33	normal_3_1	TRUE	12	46	11	42	11	42	1
AT3G49670	AT1G10210	-	1	1	3	3	normal_3_33	normal_3_2	TRUE	12	43	11	41	11	41	1
AT3G49670	AT3G15220	-	1	1	3	3	normal_3_33	normal_3_30	TRUE	12	40	11	38	11	38	1
AT3G49670	AT1G72300	-	1	1	3	3	normal_3_33	normal_3_37	TRUE	12	25	11	24	11	24	1
AT4G20140	AT1G64280	-	1	3	3	2	normal_3_34	starNet_2_6	FALSE	14	92	13	47	13	47	1
AT4G20140	AT2G40860	-	1	1	3	3	normal_3_34	normal_3_5	TRUE	14	44	13	42	13	42	1
AT4G20140	AT1G10210	-	1	1	3	3	normal_3_34	normal_3_2	TRUE	14	43	13	41	13	41	1
AT4G20140	AT2G43790	-	1	1	3	3	normal_3_34	normal_3_1	TRUE	14	46	13	42	13	42	1
AT4G20140	AT3G45640	-	1	1	3	3	normal_3_34	normal_3_4	TRUE	14	42	13	41	13	41	1
AT4G20140	AT4G01370	-	1	1	3	3	normal_3_34	normal_3_3	TRUE	14	49	13	41	13	41	1
AT4G20140	AT3G15220	-	1	1	3	3	normal_3_34	normal_3_30	TRUE	14	40	13	38	13	38	1
AT4G20140	AT3G02130	-	1	1	3	3	normal_3_34	normal_3_7	TRUE	14	28	13	27	13	27	1
AT4G20140	AT1G75640	-	1	1	3	3	normal_3_34	normal_3_40	TRUE	14	21	13	20	13	20	1
AT4G20140	AT1G74360	-	1	1	3	3	normal_3_34	normal_3_36	TRUE	14	18	13	17	13	17	1
AT5G49770	AT1G64280	-	1	3	3	2	normal_3_35	starNet_2_6	FALSE	40	92	39	47	39	47	1
AT5G49770	AT2G40860	-	1	1	3	3	normal_3_35	normal_3_5	TRUE	40	44	39	42	39	42	1
AT5G49770	AT3G45640	-	1	1	3	3	normal_3_35	normal_3_4	TRUE	40	42	39	41	39	41	1
AT5G49770	AT2G43790	-	1	1	3	3	normal_3_35	normal_3_1	TRUE	40	46	39	42	39	42	1
AT5G49770	AT4G01370	-	1	1	3	3	normal_3_35	normal_3_3	TRUE	40	49	39	41	39	41	1
AT5G49770	AT1G10210	-	1	1	3	3	normal_3_35	normal_3_2	TRUE	40	43	39	41	39	41	1
AT5G49770	AT3G15220	-	1	1	3	3	normal_3_35	normal_3_30	TRUE	40	40	39	38	39	38	1
AT5G49770	AT1G73080	-	1	1	3	3	normal_3_35	normal_3_17	TRUE	40	17	39	15	39	15	1
AT5G49770	AT2G24130	-	1	1	3	3	normal_3_35	normal_3_18	TRUE	40	16	39	15	39	15	1
AT5G49770	AT3G47570	-	1	1	3	3	normal_3_35	normal_3_19	TRUE	40	12	39	11	39	11	1
AT5G49770	AT3G47580	-	1	1	3	3	normal_3_35	normal_3_21	TRUE	40	13	39	12	39	12	1
AT5G49770	AT5G46330	-	1	1	3	3	normal_3_35	normal_3_13	TRUE	40	15	39	12	39	12	1
AT5G49770	AT3G28040	-	1	1	3	3	normal_3_35	normal_3_25	TRUE	40	16	39	15	39	15	1
AT5G49770	AT5G20480	-	1	1	3	3	normal_3_35	normal_3_8	TRUE	40	23	39	20	39	20	1
AT5G49770	AT4G36180	-	1	1	3	3	normal_3_35	normal_3_41	TRUE	40	10	39	9	39	9	1
AT5G49770	AT5G44700	-	1	1	3	3	normal_3_35	normal_3_43	TRUE	40	13	39	12	39	12	1
AT5G49770	AT3G47090	-	1	1	3	3	normal_3_35	normal_3_22	TRUE	40	14	39	13	39	13	1
AT5G49770	AT1G75640	-	1	1	3	3	normal_3_35	normal_3_40	TRUE	40	21	39	20	39	20	1
AT5G49770	AT3G47110	-	1	1	3	3	normal_3_35	normal_3_23	TRUE	40	14	39	13	39	13	1
AT5G49770	AT4G20140	-	1	1	3	3	normal_3_35	normal_3_34	TRUE	40	14	39	13	39	13	1
AT5G49770	AT1G74360	-	1	1	3	3	normal_3_35	normal_3_36	TRUE	40	18	39	17	39	17	1
AT5G49770	AT5G25930	-	1	1	3	3	normal_3_35	normal_3_26	TRUE	40	13	39	12	39	12	1
AT5G49770	AT1G09970	-	1	1	3	3	normal_3_35	normal_3_24	TRUE	40	11	39	10	39	10	1
AT5G49770	AT1G08590	-	1	1	3	3	normal_3_35	normal_3_42	TRUE	40	10	39	9	39	9	1
AT5G49770	AT1G62950	-	1	1	3	3	normal_3_35	normal_3_20	TRUE	40	16	39	15	39	15	1
AT5G49770	AT3G51740	-	1	1	3	3	normal_3_35	normal_3_27	TRUE	40	18	39	17	39	17	1
AT5G49770	AT3G02130	-	1	1	3	3	normal_3_35	normal_3_7	TRUE	40	28	39	27	39	27	1
AT5G49770	AT5G07180	-	1	1	3	3	normal_3_35	normal_3_31	TRUE	40	14	39	13	39	13	1
AT5G49770	AT2G26330	-	1	1	3	3	normal_3_35	normal_3_9	TRUE	40	15	39	13	39	13	1
AT5G49770	AT4G39400	-	1	1	3	3	normal_3_35	normal_3_14	TRUE	40	21	39	19	39	19	1
AT5G49770	AT1G72300	-	1	1	3	3	normal_3_35	normal_3_37	TRUE	40	25	39	24	39	24	1
AT5G49770	AT3G13380	-	1	1	3	3	normal_3_35	normal_3_10	TRUE	40	15	39	14	39	14	1
AT5G49770	AT1G55610	-	1	1	3	3	normal_3_35	normal_3_11	TRUE	40	14	39	13	39	13	1
AT5G49770	AT3G49670	-	1	1	3	3	normal_3_35	normal_3_33	TRUE	40	12	39	11	39	11	1
AT5G49770	AT1G17750	-	1	1	3	3	normal_3_35	normal_3_28	TRUE	40	13	39	12	39	12	1
AT1G74360	AT1G64280	-	1	3	3	2	normal_3_36	starNet_2_6	FALSE	18	92	17	47	17	47	1
AT1G74360	AT1G10210	-	1	1	3	3	normal_3_36	normal_3_2	TRUE	18	43	17	41	17	41	1
AT1G74360	AT1G72300	-	1	1	3	3	normal_3_36	normal_3_37	TRUE	18	25	17	24	17	24	1
AT1G72300	AT1G64280	-	1	3	3	2	normal_3_37	starNet_2_6	FALSE	25	92	24	47	24	47	1
AT1G72300	AT1G10210	-	1	1	3	3	normal_3_37	normal_3_2	TRUE	25	43	24	41	24	41	1
AT1G72300	AT1G09970	-	1	1	3	3	normal_3_37	normal_3_24	TRUE	25	11	24	10	24	10	1
AT1G72300	AT1G17750	-	1	1	3	3	normal_3_37	normal_3_28	TRUE	25	13	24	12	24	12	1
AT5G53890	AT1G64280	-	1	3	3	2	normal_3_38	starNet_2_6	FALSE	11	92	10	47	10	47	1
AT5G53890	AT2G40860	-	1	1	3	3	normal_3_38	normal_3_5	TRUE	11	44	10	42	10	42	1
AT5G53890	AT2G43790	-	1	1	3	3	normal_3_38	normal_3_1	TRUE	11	46	10	42	10	42	1
AT5G53890	AT4G01370	-	1	1	3	3	normal_3_38	normal_3_3	TRUE	11	49	10	41	10	41	1
AT5G53890	AT3G45640	-	1	1	3	3	normal_3_38	normal_3_4	TRUE	11	42	10	41	10	41	1
AT5G53890	AT1G10210	-	1	1	3	3	normal_3_38	normal_3_2	TRUE	11	43	10	41	10	41	1
AT5G53890	AT3G15220	-	1	1	3	3	normal_3_38	normal_3_30	TRUE	11	40	10	38	10	38	1
AT5G53890	AT5G49770	-	1	1	3	3	normal_3_38	normal_3_35	TRUE	11	40	10	39	10	39	1
AT5G53890	AT1G75640	-	1	1	3	3	normal_3_38	normal_3_40	TRUE	11	21	10	20	10	20	1
AT5G53890	AT5G37450	-	1	1	3	3	normal_3_38	normal_3_44	TRUE	11	43	10	42	10	42	1
AT5G07280	AT1G64280	-	1	3	3	2	normal_3_39	starNet_2_6	FALSE	14	92	13	47	13	47	1
AT5G07280	AT2G40860	-	1	1	3	3	normal_3_39	normal_3_5	TRUE	14	44	13	42	13	42	1
AT5G07280	AT3G02130	-	1	1	3	3	normal_3_39	normal_3_7	TRUE	14	28	13	27	13	27	1
AT5G07280	AT1G10210	-	1	1	3	3	normal_3_39	normal_3_2	TRUE	14	43	13	41	13	41	1
AT5G07280	AT4G01370	-	1	1	3	3	normal_3_39	normal_3_3	TRUE	14	49	13	41	13	41	1
AT5G07280	AT3G45640	-	1	1	3	3	normal_3_39	normal_3_4	TRUE	14	42	13	41	13	41	1
AT5G07280	AT2G43790	-	1	1	3	3	normal_3_39	normal_3_1	TRUE	14	46	13	42	13	42	1
AT5G07280	AT3G15220	-	1	1	3	3	normal_3_39	normal_3_30	TRUE	14	40	13	38	13	38	1
AT5G07280	AT1G62950	-	1	1	3	3	normal_3_39	normal_3_20	TRUE	14	16	13	15	13	15	1
AT5G07280	AT4G39400	-	1	1	3	3	normal_3_39	normal_3_14	TRUE	14	21	13	19	13	19	1
AT5G07280	AT2G26330	-	1	1	3	3	normal_3_39	normal_3_9	TRUE	14	15	13	13	13	13	1
AT1G75640	AT1G64280	-	1	3	3	2	normal_3_40	starNet_2_6	FALSE	21	92	20	47	20	47	1
AT1G75640	AT1G10210	-	1	1	3	3	normal_3_40	normal_3_2	TRUE	21	43	20	41	20	41	1
AT1G75640	AT1G74360	-	1	1	3	3	normal_3_40	normal_3_36	TRUE	21	18	20	17	20	17	1
AT1G75640	AT1G72300	-	1	1	3	3	normal_3_40	normal_3_37	TRUE	21	25	20	24	20	24	1
AT4G36180	AT1G64280	-	1	3	3	2	normal_3_41	starNet_2_6	FALSE	10	92	9	47	9	47	1
AT4G36180	AT2G40860	-	1	1	3	3	normal_3_41	normal_3_5	TRUE	10	44	9	42	9	42	1
AT4G36180	AT4G01370	-	1	1	3	3	normal_3_41	normal_3_3	TRUE	10	49	9	41	9	41	1
AT4G36180	AT1G10210	-	1	1	3	3	normal_3_41	normal_3_2	TRUE	10	43	9	41	9	41	1
AT4G36180	AT2G43790	-	1	1	3	3	normal_3_41	normal_3_1	TRUE	10	46	9	42	9	42	1
AT4G36180	AT3G45640	-	1	1	3	3	normal_3_41	normal_3_4	TRUE	10	42	9	41	9	41	1
AT4G36180	AT3G15220	-	1	1	3	3	normal_3_41	normal_3_30	TRUE	10	40	9	38	9	38	1
AT5G44700	AT1G64280	-	1	3	3	2	normal_3_43	starNet_2_6	FALSE	13	92	12	47	12	47	1
AT5G44700	AT2G40860	-	1	1	3	3	normal_3_43	normal_3_5	TRUE	13	44	12	42	12	42	1
AT5G44700	AT5G37450	-	1	1	3	3	normal_3_43	normal_3_44	TRUE	13	43	12	42	12	42	1
AT5G44700	AT2G43790	-	1	1	3	3	normal_3_43	normal_3_1	TRUE	13	46	12	42	12	42	1
AT5G44700	AT1G10210	-	1	1	3	3	normal_3_43	normal_3_2	TRUE	13	43	12	41	12	41	1
AT5G44700	AT3G45640	-	1	1	3	3	normal_3_43	normal_3_4	TRUE	13	42	12	41	12	41	1
AT5G44700	AT4G01370	-	1	1	3	3	normal_3_43	normal_3_3	TRUE	13	49	12	41	12	41	1
AT5G44700	AT3G15220	-	1	1	3	3	normal_3_43	normal_3_30	TRUE	13	40	12	38	12	38	1
AT5G44700	AT3G02130	-	1	1	3	3	normal_3_43	normal_3_7	TRUE	13	28	12	27	12	27	1
AT5G44700	AT1G75640	-	1	1	3	3	normal_3_43	normal_3_40	TRUE	13	21	12	20	12	20	1
AT5G44700	AT1G74360	-	1	1	3	3	normal_3_43	normal_3_36	TRUE	13	18	12	17	12	17	1
AT5G37450	AT1G64280	-	1	3	3	2	normal_3_44	starNet_2_6	FALSE	43	92	42	47	42	47	1
AT5G37450	AT2G40860	-	1	1	3	3	normal_3_44	normal_3_5	TRUE	43	44	42	42	42	42	1
AT5G37450	AT1G75640	-	1	1	3	3	normal_3_44	normal_3_40	TRUE	43	21	42	20	42	20	1
AT5G37450	AT4G20140	-	1	1	3	3	normal_3_44	normal_3_34	TRUE	43	14	42	13	42	13	1
AT5G37450	AT1G74360	-	1	1	3	3	normal_3_44	normal_3_36	TRUE	43	18	42	17	42	17	1
AT5G37450	AT1G10210	-	1	1	3	3	normal_3_44	normal_3_2	TRUE	43	43	42	41	42	41	1
AT5G37450	AT4G01370	-	1	1	3	3	normal_3_44	normal_3_3	TRUE	43	49	42	41	42	41	1
AT5G37450	AT2G43790	-	1	1	3	3	normal_3_44	normal_3_1	TRUE	43	46	42	42	42	42	1
AT5G37450	AT3G45640	-	1	1	3	3	normal_3_44	normal_3_4	TRUE	43	42	42	41	42	41	1
AT5G37450	AT3G15220	-	1	1	3	3	normal_3_44	normal_3_30	TRUE	43	40	42	38	42	38	1
AT5G37450	AT3G02130	-	1	1	3	3	normal_3_44	normal_3_7	TRUE	43	28	42	27	42	27	1
AT5G37450	AT5G07280	-	1	1	3	3	normal_3_44	normal_3_39	TRUE	43	14	42	13	42	13	1
AT5G37450	AT2G24130	-	1	1	3	3	normal_3_44	normal_3_18	TRUE	43	16	42	15	42	15	1
AT5G37450	AT3G47110	-	1	1	3	3	normal_3_44	normal_3_23	TRUE	43	14	42	13	42	13	1
AT5G37450	AT4G36180	-	1	1	3	3	normal_3_44	normal_3_41	TRUE	43	10	42	9	42	9	1
AT5G37450	AT1G62950	-	1	1	3	3	normal_3_44	normal_3_20	TRUE	43	16	42	15	42	15	1
AT5G37450	AT3G47580	-	1	1	3	3	normal_3_44	normal_3_21	TRUE	43	13	42	12	42	12	1
AT5G37450	AT3G47570	-	1	1	3	3	normal_3_44	normal_3_19	TRUE	43	12	42	11	42	11	1
AT5G37450	AT1G08590	-	1	1	3	3	normal_3_44	normal_3_42	TRUE	43	10	42	9	42	9	1
AT5G37450	AT5G25930	-	1	1	3	3	normal_3_44	normal_3_26	TRUE	43	13	42	12	42	12	1
AT5G37450	AT4G28650	-	1	1	3	3	normal_3_44	normal_3_45	TRUE	43	12	42	11	42	11	1
AT5G37450	AT3G47090	-	1	1	3	3	normal_3_44	normal_3_22	TRUE	43	14	42	13	42	13	1
AT5G37450	AT3G51740	-	1	1	3	3	normal_3_44	normal_3_27	TRUE	43	18	42	17	42	17	1
AT5G37450	AT1G73080	-	1	1	3	3	normal_3_44	normal_3_17	TRUE	43	17	42	15	42	15	1
AT5G37450	AT1G17750	-	1	1	3	3	normal_3_44	normal_3_28	TRUE	43	13	42	12	42	12	1
AT5G37450	AT3G28040	-	1	1	3	3	normal_3_44	normal_3_25	TRUE	43	16	42	15	42	15	1
AT5G37450	AT4G39400	-	1	1	3	3	normal_3_44	normal_3_14	TRUE	43	21	42	19	42	19	1
AT5G37450	AT5G07180	-	1	1	3	3	normal_3_44	normal_3_31	TRUE	43	14	42	13	42	13	1
AT5G37450	AT2G26330	-	1	1	3	3	normal_3_44	normal_3_9	TRUE	43	15	42	13	42	13	1
AT5G37450	AT3G49670	-	1	1	3	3	normal_3_44	normal_3_33	TRUE	43	12	42	11	42	11	1
AT5G37450	AT1G09970	-	1	1	3	3	normal_3_44	normal_3_24	TRUE	43	11	42	10	42	10	1
AT5G37450	AT1G72300	-	1	1	3	3	normal_3_44	normal_3_37	TRUE	43	25	42	24	42	24	1
AT5G37450	AT3G13380	-	1	1	3	3	normal_3_44	normal_3_10	TRUE	43	15	42	14	42	14	1
AT5G37450	AT5G20480	-	1	1	3	3	normal_3_44	normal_3_8	TRUE	43	23	42	20	42	20	1
AT5G37450	AT1G55610	-	1	1	3	3	normal_3_44	normal_3_11	TRUE	43	14	42	13	42	13	1
AT4G28650	AT1G64280	-	1	3	3	2	normal_3_45	starNet_2_6	FALSE	12	92	11	47	11	47	1
AT4G28650	AT2G40860	-	1	1	3	3	normal_3_45	normal_3_5	TRUE	12	44	11	42	11	42	1
AT4G28650	AT3G45640	-	1	1	3	3	normal_3_45	normal_3_4	TRUE	12	42	11	41	11	41	1
AT4G28650	AT2G43790	-	1	1	3	3	normal_3_45	normal_3_1	TRUE	12	46	11	42	11	42	1
AT4G28650	AT4G01370	-	1	1	3	3	normal_3_45	normal_3_3	TRUE	12	49	11	41	11	41	1
AT4G28650	AT1G10210	-	1	1	3	3	normal_3_45	normal_3_2	TRUE	12	43	11	41	11	41	1
AT4G28650	AT3G15220	-	1	1	3	3	normal_3_45	normal_3_30	TRUE	12	40	11	38	11	38	1
AT4G28650	AT1G72300	-	1	1	3	3	normal_3_45	normal_3_37	TRUE	12	25	11	24	11	24	1
AT4G28650	AT3G51740	-	1	1	3	3	normal_3_45	normal_3_27	TRUE	12	18	11	17	11	17	1
AT4G28650	AT1G75640	-	1	1	3	3	normal_3_45	normal_3_40	TRUE	12	21	11	20	11	20	1
AT4G17880	AT2G27050	-	3	3	2	2	starNet_2_61	starNet_2_14	TRUE	4	6	4	5	4	5	1
AT4G17880	AT3G20770	-	3	3	2	2	starNet_2_61	starNet_2_7	TRUE	4	8	4	7	4	7	1
AT4G17880	AT2G39940	-	3	3	2	2	starNet_2_61	starNet_2_24	TRUE	4	18	4	17	4	17	1
AT1G78780	AT1G64280	-	3	3	2	2	starNet_2_62	starNet_2_6	TRUE	2	92	2	47	2	47	1
AT5G13320	AT1G74710	-	2	2	1	1	normal_1_32	normal_1_25	TRUE	1	52	1	31	1	31	1
AT4G26000	AT3G57260	-	3	3	2	2	starNet_2_64	starNet_2_20	TRUE	1	15	1	14	1	14	1
